title,address,operation,contact,location_detail,hashtag,menu
신사펍 이수점,서울 동작구 동작대로 129 4층 (우)06997,"월~금 17:00 ~ 24:00
닫기",,#데이트코스 #루프탑있는 #분위기좋은 #소개팅 #수제맥주 #피맥 #제로페이,"['#데이트코스', '#루프탑있는', '#분위기좋은', '#소개팅', '#수제맥주', '#피맥', '#제로페이']","['치즈꾸덕 맥인치즈\n16,900', '로제 소세지 스튜\n18,900', '감바스\n18,900', '쉬림프 롤 라자냐\n18,900', '스파이시 크림 떡볶이\n14,900']"
삼육가 사당역1호점,서울 서초구 방배천로 10 1층 (우)06693,"매일 11:30 ~ 23:00
매일 휴게시간 15:00 ~ 17:00",,"02-582-0102 대표번호
다른 번호",[],"['추천\n꽃삼겹 (180g)\n18,000\n삼육가의 대표 돼지고기 메뉴, 100번 이상의 칼집으로 부드러워요', '꽃삼겹 세트 (2인)\n43,000\n꽃삼겹 (360g)+된장/김치찌개 중 택1 (+공기밥)', '꽃목삼 세트 (2-3인)\n62,000\n꽃삼겹 360g + 꽃목살 150g + 된장/김치 찌개 중 택1(+공깃밥)', '추천\n빠다꽃등심 (150g)\n33,000\n소고기 등심의 가장자리 부분을 제거한 식감이 부드러운 부위 버터의 풍미를 가미한 삼육가의 대표 소고기 메뉴', '안창살 (150g)\n31,000\n씹는 맛이 좋고, 고소한 육향의 진한 맛을 느낄 수 있는 소고기 매니아들을 위한 한정 메뉴', '얼큰이 돼지전골 (소)\n20,000\n돼지고기를 넉넉히 넣고 육수를 우린 전골 형식의 얼큰한 식사 메뉴 (+공깃밥)', '꽃목살 (150g)\n19,000\n마블링이 좋아 부드럽고, 돼지고기의 풍미를 느낄 수 있어요', '한우 시골 된장찌개\n9,000\n시골 된장에 한우를 듬뿍 넣어 진하고 구수한 맛이 나 밥에 비벼 먹으면 일품 (+공깃밥 포함)', '묵은지 김치찌개\n9,000\n직접 담근 집김치에 돼지고기를 푸짐하게 놓어 끓인 김치찌개 (+공깃밥 포함)', '뚝배기 불고기 (+공깃밥)\n9,000\n감칠맛 나는 육수로 맛을 낸 푸짐한 소불고기', '한우육회비빔밥\n11,000\n직접 도축한 한우에서만 얻을 수 있는 신선함으로 무장한 육회 비빔밥', '한우 육회 (200g)\n25,000']"
이수통닭 본점,"서울 서초구 방배천로 92 세앙아르비체 102동 107,108호 (우)06675",매일 15:00 ~ 23:00,02-581-8892,#제로페이,['#제로페이'],"['이수 생생 통닭+파골뱅이\n27,000', '후라이드 치킨+파골뱅이\n28,000', '반반 치킨+파골뱅이\n29,000', '양념 치킨+파골뱅이\n29,000', '깐풍 치킨+파골뱅이\n29,000']"
낙성곱창,서울 동작구 동작대로19길 60 (우)07013,"매일 14:00 ~ 00:00
닫기",02-3474-5777,,[],"['모듬\n23,000', '곱창\n23,000', '대창\n23,000', '막창\n23,000', '염통\n15,000']"
그릴진,서울 동작구 동작대로27다길 31 세양그레이스빌 1층 101호 (우)07008,매일 16:30 ~ 01:00,,02-532-4135 대표번호,[],[]
남미플랜트랩,서울 서초구 방배천로4안길 55 2층 (우)06677,"매일 12:00 ~ 21:00
월~금 휴게시간 16:00 ~ 17:30
닫기",,02-522-1276 대표번호,[],"['추천\n치즈야채피자\n16,000', '후무스피자\n16,000', '스테이크하와이안피자\n17,000', '감자웨지\n7,000', '추천\n파스타베르데\n14,000', '비건먹물파스타\n14,000', '라구리가토니\n15,000', '트러플버섯리조또\n16,000', '깻잎페스토리조또', '알리오올리오스파게티\n13,000', '남미토마토페투치네\n14,000', '로제크림페투치네\n14,000', '마르게리따피자\n16,000', '오렌지카르파초샐러드\n13,000', '후무스플래터\n10,000']"
리에또,서울 서초구 방배천로4안길 20 2층 (우)06692,"매일 11:00 ~ 21:20
월~금 휴게시간 15:00 ~ 17:00
닫기",02-581-5291,#데이트코스 #소개팅 #점심식사 #코스요리 #제로페이,"['#데이트코스', '#소개팅', '#점심식사', '#코스요리', '#제로페이']","['마르게리따\n12,300', '만조 (200g)\n18,800', '알리오 올리오\n11,200', '봉골레\n12,100', '바질마레\n12,500']"
디피스트,서울 동작구 동작대로27길 31 2층 (우)07008,"월,화,수,금,토,일 11:00 ~ 23:00
닫기",,#분위기좋은,['#분위기좋은'],"['아메리카노\n3,500', '라떼\n4,000', '카카오 카푸치노\n4,000', 'Black Coffee\n5,000', 'Cafe Lait (Hot)\n5,500']"
청와옥 사당직영점,서울 동작구 동작대로 71 1층 (우)07013,매일 08:00 ~ 22:00,02-588-0885,#안심식당 #아침식사 #이동약자접근,"['#안심식당', '#아침식사', '#이동약자접근']",[]
올라아보 이수본점,서울 동작구 사당로 300 이수자이 1층 116호 (우)07013,"월~금 11:30 ~ 22:00
월~금 휴게시간 15:00 ~ 17:00
닫기",,"0507-1320-1120 대표번호
더보기",[],"['아보카도 그릴파히타 (2~3인용)\n34,000', '아보카도 연어포케 (생연어덮밥)\n14,800', '아보카도 고기 부리또 볼\n12,500', '아보카도 치킨 퀘 사디아\n13,500', '아보카도 루꼴라 베이컨 퀘 사디아\n14,500']"
단아한정식,서울 동작구 동작대로27가길 44 2층 (우)07008,매일 11:30 ~ 22:00,,"02-532-3945 대표번호
다른 번호",[],[]
개화,서울 서초구 동작대로 86 동주빌딩 지하 1층 (우)06675,"매일 11:00 ~ 22:00
닫기",,"02-581-5005 대표번호
더보기",[],"['유니자장면\n6,000', '짬뽕\n7,000', '짬뽕밥\n7,000', '새우볶음밥\n8,000', '호유우육면\n30,000']"
초동집 본점,서울 서초구 방배천로 22 (우)06692,"매일 11:00 ~ 22:00
닫기",,"02-585-2722 대표번호
더보기",[],[]
바른식 시골보쌈&감자옹심이 사당역별관점,서울 서초구 방배천로 12 (우)06693,"매일 11:30 ~ 23:00
닫기",,02-6959-2830 대표번호,[],"['시골보쌈 (2인)\n36,000', '모둠보쌈\n63,000', '반반보쌈 (2인)\n39,000', '보족세트\n49,000', '찢어먹는 족발\n38,000']"
원조쯔왕돈까스,"서울 동작구 동작대로23길 33 1,2층 (우)07013","매일 11:00 ~ 21:30
매일 휴게시간 15:30 ~ 17:00",,,[],"['쯔왕돈까스\n9,800', '과카몰리치즈돈까스\n14,000', '비후까스\n12,200', '함박스테이크\n10,000', '김치볶음밥&달걀프라이\n7,500', '매콤토마토스파게티\n8,000', '치즈폭탄오븐스파게티\n12,000']"
리틀크레이지피자,서울 동작구 동작대로27길 9 2층 (우)07008,"화요일
닫기",,,[],"['갈릭스페셜 피자 (R)\n15,900', '고구마피자 (R)\n15,900', '슈프림피자 (R)\n14,900', '페퍼로니 (R)\n14,900', '하와이언피자 (R)\n14,900']"
유정우함흥냉면,서울 동작구 동작대로29다길 7-1 (우)06997,"매일 11:00 ~ 20:20
닫기",02-3478-0105,#안심식당 #이동약자접근 #제로페이,"['#안심식당', '#이동약자접근', '#제로페이']",[]
초와밥,서울 동작구 동작대로5길 8 (우)07015,"월~토 11:30 ~ 22:30
월~금 휴게시간 14:30 ~ 16:30
닫기",,02-523-5937 대표번호,[],[]
강고집 사당본점,서울 서초구 방배천로4안길 6 1층 (우)06692,"월~금 16:30 ~ 23:00
닫기",02-6489-9589,#사당단체 #사당맛집 #사당모임 #오리고기 #훈제오리 #친목모임 #회식장소 #제로페이,"['#사당단체', '#사당맛집', '#사당모임', '#오리고기', '#훈제오리', '#친목모임', '#회식장소', '#제로페이']","['훈제오리,삼겹 3인세트\n59,000', '훈제오리,삼겹 2인세트\n39,000', '새콤달콤 가오리무침\n15,000', '칼칼하고 푸짐한 육개장\n7,000', '차돌해장라면\n4,500']"
도너츠윤 방배점,서울 서초구 동광로12가길 12 1층 (우)06567,매일 11:00 ~ 18:00,,070-8993-6194 대표번호,[],"['패밀리박스 16개\n30,000', 'CREAM9 BOX\n17,000', 'JMT BOX\n15,000']"
농부쌈밥,서울 동작구 사당로30길 19 (우)07013,"월~토 11:00 ~ 21:30
닫기",02-521-8005,#제로페이,['#제로페이'],"['제육쌈밥\n8,000', '소불고기쌈밥\n10,000', '부대찌개\n6,000', '생삼겹살 (200g)\n12,000', '오리로스 (200g)\n10,000']"
정작가의막걸리집,서울 동작구 동작대로33가길 5 1층 3호 (우)06996,"월~금 17:00 ~ 01:00
닫기",,010-8986-1048 대표번호,[],"['새우전\n19,000', '먹태\n16,000', '추천\n바지락술찜+파스타\n23,000', '해물파전\n22,000', '김부각\n12,000', '추천\n순대크림스튜\n19,000', '수소문\n47,000', '감자전\n22,000', '문어숙회\n변동가격', '참소라숙회\n변동가격']"
갈비연구소,서울 동작구 동작대로23길 10 1층 (우)07013,"월~토 16:30 ~ 22:00
닫기",02-6012-0101,#안심식당 #친목모임 #회식장소 #제로페이,"['#안심식당', '#친목모임', '#회식장소', '#제로페이']",[]
요란한부엌,서울 동작구 사당로30길 126 1층 (우)07015,"월~금 17:00 ~ 01:00
닫기",02-582-6011,#안심식당,['#안심식당'],[]
부엌쟁이,서울 동작구 동작대로23길 31 (우)07013,"매일 11:30 ~ 22:00
매일 휴게시간 15:00 ~ 17:00",02-6205-3340,#안심식당 #제로페이,"['#안심식당', '#제로페이']",[]
남궁야,서울 서초구 방배천로4안길 10 (우)06692,"월~금 12:00 ~ 22:30
닫기",02-581-9252,#점심식사 #친목모임 #회식장소 #제로페이,"['#점심식사', '#친목모임', '#회식장소', '#제로페이']","['오리누룽지백숙 (한마리)\n61,000\n2시간전 예약', '북경오리+전골 (한마리)\n60,000', '북경오리(소)+전골 (2인에한함)\n37,000', '매운갈비찜\n60,000', '오리백숙 (한마리)\n61,000', '매콤한오리무침\n25,000']"
어사출또 이수역점,서울 동작구 동작대로27나길 21 1층 (우)07008,"월,화,수,목,일 12:00 ~ 02:00
닫기",02-533-5475,#이수역맛집 #이수역횟집 #총신대입구역맛집 #총신대입구역회식 #총신대입구역횟집 #점심식사 #점심특선 #회식장소 #제로페이,"['#이수역맛집', '#이수역횟집', '#총신대입구역맛집', '#총신대입구역회식', '#총신대입구역횟집', '#점심식사', '#점심특선', '#회식장소', '#제로페이']","['추천\n광어(2인)\n변동가격\n어사출또 주문 1순위', '추천\n우럭(2인)\n변동가격\n국민 횟감 강추 메뉴', '명태양념구이\n변동가격\n어디서도 볼 수 없었던 어사출또의 시그니처', '새우튀김\n변동가격\n오동통한 새우살이 입안에서 사르륵', '해산물모둠\n변동가격\n산낙지+전복회+멍게+추천']"
태양커피,서울 서초구 서초대로25길 55 1층 (우)06586,"월~금 09:00 ~ 21:00
닫기",,0507-1426-8181 대표번호,[],[]
월량,서울 서초구 서초대로 28 장현빌딩 1층 (우)06675,"화~금 11:30 ~ 21:00
화~일 휴게시간 14:30 ~ 17:00
닫기",,0507-1361-0214 대표번호,[],"['월량 짜장면\n8,000', '월량 짬뽕\n10,000', '월량 볶음밥\n9,000', '월량 탕수육\n25,000', '유린기\n30,000']"
조가네갑오징어 사당점,서울 동작구 남부순환로271길 24 (우)07025,매일 10:00 ~ 22:00,,02-3472-0108 대표번호,[],[]
가마솥손두부,서울 동작구 남부순환로271길 20 (우)07025,"월~금 11:20 ~ 22:00
닫기",02-3472-2202,#안심식당 #친목모임,"['#안심식당', '#친목모임']",[]
쟝블랑제리,"서울 동작구 동작대로23길 8 1, 2층 (우)07013",매일 10:00 ~ 21:00,,,[],[]
페니힐스,"서울 동작구 동작대로1길 10-14 1,2층 (우)07025",매일 12:00 ~ 21:00 (3층 운영시간 - 13:00~21:00),,#로스팅전문 #브런치카페 #빈티지분위기 #핸드드립전문점 #제로페이,"['#로스팅전문', '#브런치카페', '#빈티지분위기', '#핸드드립전문점', '#제로페이']","['아메리카노\n4,000', '카페라떼\n4,500', '바닐라라떼\n5,000', '자몽티\n5,500', '자몽에이드\n6,000']"
스타벅스 이수역점,서울 서초구 동작대로 112 한신 휴플러스 1층 (우)06568,"화~금 07:30 ~ 22:00
닫기",,1522-3232 대표번호,[],"['리저브 나이트로\n7,500\n나이트로 커피 정통의 캐스케이딩과 부드러운 콜드 크레마!\n부드러운 목 넘김과 완벽한 밸런스에 커피 본연의 단맛을 경험할 수 있습니다.', '제주 한라봉 말차 블렌디드\n7,500\n청정한 제주를 느낄 수 있도록\n제주산 말차, 한라봉을 사용한\n시원하고 달콤한 프로즌 티', '플럼 선셋 유스베리 티\n7,000\n익숙한 자두와 상큼한 유스베리 티의 조합으로\n일상적이지만 아름답고 특별한 선셋을 표현한 음료', '바닐라 빈 푸딩 블렌디드 위드 콜드 브루\n6,300\n바닐라 빈이 콕콕 박힌 부드러운 푸딩과 산뜻한 콜드 브루의 만남!\n진한 바닐라 풍미를 느낄 수 있는 커피 블렌디드', '퍼플 드링크 위드 망고 용과 스타벅스 리프레셔\n5,900\n망고 용과와 코코넛 밀크가 달콤하고 부드럽게 조화된 맛에\n가볍게 에너지 부스팅을 할 수 있는 음료', '라이트 키위 라임 블렌디드\n6,300\n여름의 나른함을 짜릿하게 날려버릴 블렌디드\n새콤한 키위 라임과 쫄깃한 곤약 젤리로 가볍게 리프레쉬 할 수 있는 음료\n*천연 대체 감미료가 함유되어 100kcal로(T 기준) 더욱 라이트하게 즐기실 수 있습니다.\n*취향에 따라 클래식 시럽을 무료로 추가 하실 수 있습니다.', '망고 용과 레모네이드 스타벅스 리프레셔\n5,900\n망고 용과와 레모네이드가 달콤 상큼하게 조화된 맛에\n가볍게 에너지 부스팅을 할 수 있는 음료', '얼 그레이 카카오 초코 프라푸치노\n6,500\n바리스타가 된 춘식이 초콜릿 토핑과 카카오 초콜릿 칩,\n그리고 티바나 얼그레이 티를 더해\n누구나 특별한 달콤함을 즐길 수 있는 프라푸치노 음료입니다.', '오늘의 커피\n4,200\n신선하게 브루드(Brewed)되어 원두의 다양함이 살아있는 커피', '카푸치노\n5,000\n풍부하고 진한 에스프레소에 따뜻한 우유와 벨벳 같은 우유 거품이 1:1 비율로 어우러져 마무리된 커피 음료', '카페 라떼\n5,000\n풍부하고 진한 에스프레소가 신선한 스팀 밀크를 만나 부드러워진 커피 위에 우유 거품을 살짝 얹은 대표적인 커피 라떼', '카페 모카\n5,500\n진한 초콜릿 모카 시럽과 풍부한 에스프레소를 스팀 밀크와 섞어 휘핑크림으로 마무리한 음료로 진한 에스프레소와 초콜릿 맛이 어우러진 커피', '카페 아메리카노\n4,500\n진한 에스프레소와 뜨거운 물을 섞어 스타벅스의 깔끔하고 강렬한 에스프레소를 가장 부드럽게 잘 느낄 수 있는 커피', '카라멜 마키아또\n5,900\n향긋한 바닐라 시럽과 따뜻한 스팀 밀크 위에 풍성한 우유 거품을 얹고 점을 찍듯이 에스프레소를 부은 후 벌집 모양으로 카라멜 드리즐을 올린 달콤한 커피 음료', '화이트 초콜릿 모카\n5,900\n달콤하고 부드러운 화이트 초콜릿 시럽과 에스프레소를 스팀 밀크와 섞어 휘핑크림으로 마무리한 음료로 달콤함과 강렬한 에스프레소가 부드럽게 어우러진 커피', '스타벅스 돌체 라떼\n5,900\n스타벅스의 다른 커피 음료보다 더욱 깊은 커피의 맛과 향에 깔끔한 무지방 우유와 부드러운 돌체 시럽이 들어간 음료로 달콤하고 진한 커피 라떼', '자바 칩 프라푸치노\n6,300\n커피, 모카 소스, 진한 초콜릿 칩이 입안 가득 느껴지는 스타벅스에서만 맛볼 수 있는 프라푸치노', '망고 바나나 블렌디드\n6,300\n(Grande Only) 달콤한 망고 패션 프루트 주스에\n바나나 1개가 통째로 들어간 신선한 블렌디드', '아이스 자몽 허니 블랙 티\n5,700\n새콤한 자몽과 달콤한 꿀이 깊고 그윽한 풍미의 스타벅스 티바나 블랙 티의 조화', '자몽 허니 블랙 티\n5,700\n새콤한 자몽과 달콤한 꿀이 깊고 그윽한 풍미의 스타벅스 티바나 블랙 티의 조화', '콜드 브루\n4,900\n스타벅스 바리스타의 정성으로 탄생한 콜드 브루!\n\n콜드 브루 전용 원두를 차가운 물로 추출하여 한정된 양만 제공됩니다.\n깊은 풍미의 새로운 커피 경험을 즐겨보세요.', '', '', '', '']"
주,서울 서초구 동광로19길 16 (우)06561,"화~금 11:30 ~ 22:00
화~금 휴게시간 15:00 ~ 17:00
닫기",02-3482-3374,#카카오페이 #제로페이,"['#카카오페이', '#제로페이']","['삼선짜장면\n10,000', '삼선짬뽕\n12,000', '삼선우동\n12,000', '삼선울면\n12,000', '기스면\n8,000', '삼선볶음밥\n12,000', '새우볶음밥\n11,000', '게살볶음밥\n13,000', '잡채밥\n13,000', '마파두부밥\n13,000', '해물덮밥\n18,000', '양장피잡채\n48,000', '마파두부\n30,000', '전가복\n140,000', '해삼전복\n170,000', '마라전복\n90,000', '팔보채\n45,000', '류산슬\n45,000', '칠리중새우\n48,000', '깐풍중새우\n48,000']"
정담은,서울 서초구 방배천로2길 15 (우)06693,"월~토 11:30 ~ 22:00
닫기",,02-877-4000 대표번호,[],"['보쌈 (중)\n38,000', '훈제오리\n48,000', '매콤갈릭전골\n48,000', '문어보쌈\n60,000', '전복해물코다리찜\n65,000']"
도쿄빙수 이수점,"서울 동작구 동작대로27길 38 1층 103,104호 (우)07008","매일 12:00 ~ 22:00
닫기",,02-3482-0503 대표번호,[],"['시크한 오레오 빙수\n10,500']"
방배양곱창,서울 동작구 동작대로23길 27 (우)07013,"월~금 16:00 ~ 24:00
닫기",02-6406-0079,#제로페이,['#제로페이'],"['특양\n26,000', '우설\n28,000', '곱창\n23,000', '대창\n23,000', '홍창\n22,000', '염통\n17,000', '양볶음밥\n7,000', '곱창전골\n35,000']"
속초어시장 방배점,서울 서초구 방배천로2길 7 1층 (우)06693,"월~토 11:30 ~ 05:00
닫기",02-523-0511,#개별룸 #친목모임 #회식장소,"['#개별룸', '#친목모임', '#회식장소']","['광어 (소)\n15,000', '우럭 (소)\n15,000', '광어세꼬시\n20,000', '활어물회\n25,000', '오징어회\n18,000', '고등어구이\n10,000']"
구름떡,서울 서초구 방배로33길 21 1층 (우)06562,"월~토 08:00 ~ 23:00
닫기",,"02-533-1530 대표번호
더보기",[],"['흑임자인절미\n9,000', '구름떡\n9,000']"
이수샤브샤브,서울 동작구 동작대로29길 8 2층 (우)06997,매일 11:00 ~ 24:00,02-536-3253,#친목모임,['#친목모임'],[]
바다해물포차,서울 서초구 서초대로 20 1층 (우)06675,"월~토 16:30 ~ 01:00
닫기",02-599-0435,#코스요리 #해물포차,"['#코스요리', '#해물포차']","['자연산막회(소)\n30,000', '가자미세꼬시(소)\n30,000', '물회(소)\n30,000', '멍게\n20,000', '해삼\n20,000', '생대구지리(소)\n30,000', '도루묵구이\n15,000', '뽈락구이\n15,000', '생선구이\n15,000']"
도어이스케이프 이수역점,서울 동작구 동작대로27가길 14 3층 (우)07008,,,02-534-9745 대표번호,[],[]
다피타시그니처,서울 서초구 서초대로 3-4 방배디오슈페리움1 1층 106호 (우)06568,매일 11:30 ~ 22:00,,0507-1351-1007 대표번호,[],"['리코타치즈 샐러드\n18,000', '까르보나라\n18,000', '아마트리치아나\n18,000']"
양양메밀막국수,서울 서초구 동광로15길 10 (우)06561,"매일 11:00 ~ 21:00
매일 휴게시간 15:00 ~ 17:00",,02-3482-3738 대표번호,[],"['메밀막국수', '메밀막국수 (곱배기)', '회 메밀막국수', '회 메밀막국수 (곱배기)', '수육 (대)', '수육 (중)', '수육 (소)', '김치전', '메밀전', '명태회무침']"
수향가 사당직영점,서울 서초구 남부순환로 2121-3 (우)06693,"월~금 15:00 ~ 01:00
닫기",02-523-8799,#친목모임 #회식장소 #제로페이,"['#친목모임', '#회식장소', '#제로페이']","['족발 (중)\n35,000', '족발반반 (중)\n37,000', '냉채족발\n36,000', '부추전\n9,000', '된장술죽\n6,500', '멸치회무침 족발']"
규스홈 레스토랑,서울 서초구 방배천로 62 1층 (우)06677,"월~금 12:00 ~ 22:00 (사전연락시 22:00 이후에도 연장영업)
매일 휴게시간 15:00 ~ 17:00
닫기",,02-598-5584 대표번호,[],"['버섯샐러드\n15,000', '봉골레파스타\n16,000', '새우 리소토\n18,000', '마르게리따\n19,000', '등심스테이크(270g)\n31,000', '안심스테이크(250g)\n34,000']"
이수곱창,서울 동작구 동작대로27가길 6-4 1층 (우)07008,매일 15:30 ~ 24:00,02-593-1101,#회식장소 #제로페이,"['#회식장소', '#제로페이']","['모듬구이 (1인분)\n19,000', '곱창 (1인분)\n22,000', '대창 (1인분)\n19,000', '막창 (1인분)\n19,000', '벌집양 (1인분)\n19,000', '염통 (1인분)\n19,000', '간&천엽 (200g)\n10,000']"
37.5 동작이수점,서울 동작구 동작대로27가길 23 이오빌딩 2층 (우)07008,"매일 09:50 ~ 20:50
월,화,수,목,금,일 휴게시간 15:50 ~ 17:00
닫기",02-595-3705,#안심식당 #분위기좋은 #브런치카페 #비스트로 #소개팅 #이동약자접근 #제로페이,"['#안심식당', '#분위기좋은', '#브런치카페', '#비스트로', '#소개팅', '#이동약자접근', '#제로페이']",[]
마왕족발 이수역점,서울 동작구 동작대로25길 43 (우)07008,매일 17:00 ~ 02:00,,02-535-9293 대표번호,[],"['마왕통구이 (소)\n27,000', '마왕보쌈구이 (소)\n27,000', '마왕소금구이 (중)\n30,000', '마왕갈릭족발 (중)\n33,000', '마왕불족 (중)\n33,000']"
원조부안집 이수점,서울 동작구 동작대로27가길 39 1층 (우)07008,"월~금 16:00 ~ 23:30
닫기",,02-535-1619 대표번호,[],"['육즙목살(180g)\n14,000', '쫀득살(180g)\n14,000', '숙성삼겹(180g)\n14,000', '벌집껍데기(150g)\n8,000', '오득살(150g)\n10,000']"
샤브리샤브샤브,서울 서초구 방배천로2길 21 성현빌딩 3층 (우)06693,매일 11:00 ~ 22:00,,"02-597-0789 대표번호
다른 번호",[],"['추천\n꽃등심 샤브샤브 (1인기준)\n22,000\n단호박죽,최상급 등심 소고기,각종 생버섯과 특수 야채 등 13가지,야채죽/김치볶음밥/김치우동 (선택)+디저트 복분자차/리치/아이스크림', '추천\n해물 샤브샤브 (1인기준)\n22,000\n단호박죽,각종 신선한 해물,각종 생버섯과 특수 야채 등 13가지,야채죽/김치볶음밥/김치우동 (선택)+디저트 복분자차/리치/아이스크림', '모듬 샤브샤브 (1인기준)\n23,000\n단호박죽,각종 신선한 해물과 최상급 소고기,각종 생버섯과 특수 야채 등 13가지,야채죽/김치볶음밥/김치우동 (선택)+디저트 복분자차/리치/아이스크림', '소고기 샤브샤브 (1인기준)\n16,000\n단호박죽,최상급 소고기,각종 생버섯과 특수 야채 등 13가지,야채죽/김치볶음밥/김치우동 (선택)+디저트 복분자차/리치/아이스크림']"
정원에프엔비,서울 동작구 사당로28길 5 1층 (우)07013,"매일 11:00 ~ 21:00
매일 휴게시간 16:00 ~ 17:00
닫기",02-522-0425,#제로페이,['#제로페이'],[]
여진족,"서울 서초구 방배천로4안길 12 지하1층,1층 (우)06692","월~토 16:00 ~ 23:00
닫기",,02-3473-3479 대표번호,[],"['족발+훈제보쌈set\n67,000\n족발,훈제보쌈 보쌈김치 세트', '냉매족set\n89,000\n냉채족발,매운족발,일반족발 세트', '족뱅이\n43,000\n족발과 골뱅이무침과의 환상적인 만남', '매운족발\n43,000\n직화로 구워 더 맛있는 매운맛', '골뱅이무침\n29,000\n골뱅이와 특별소스와의 환상적인 만남', '여진족발 (특대)\n54,000', '여진족발 (대)\n43,000', '여진족발 (중)\n37,000', '냉채족발\n43,000', '보쌈\n43,000', '쟁반막국수\n15,000', '골뱅이 쟁반막국수\n22,000', '속이꽉찬 전병\n10,000', '라면사리\n3,000', '우동사리\n4,000', '쫄면사리\n5,000']"
머치커피,서울 동작구 동작대로9길 43 1층 (우)07015,"매일 11:00 ~ 21:00
닫기",,0507-1320-2726 대표번호,[],"['너티 크림 모카\n6,200', '아메리카노\n4,200', '카페 라떼\n4,600', '아인슈페너\n5,200']"
태양커피 사당점,서울 서초구 방배천로 32 송암빌딩 1층 (우)06691,"월~금 09:00 ~ 21:00
닫기",,예약불가,[],"['롱블랙\n3,500', '플랫화이트\n3,500', '이탈리안 카푸치노\n3,500', '카페라테\n4,000', '타히티 바닐라라테\n4,000', '콜드브루\n4,000', '아인슈페너\n4,500']"
파니모들,서울 동작구 동작대로 153 1층 (우)06996,"월,화,목,금 09:00 ~ 22:30
닫기",,070-7607-8252 대표번호,[],"['아메리카노\n4,500']"
김재운초밥사랑 이수점,서울 동작구 동작대로 69 1층 (우)07014,"매일 11:30 ~ 23:00
닫기",,02-598-8887 대표번호,[],"['짝꿍세트 (2인)\n40,000\n연어샐러드, 간장새우, 야끼우동, 튀김, 알밥, 초밥14ps (광어, 연어, 참치, 계란, 참치불초밥, 꽃등심, 왕새우)', '사랑세트 (2인)\n49,000\n연어샐러드, 간장새우, 사시미7종, 뚝배기우동, 야끼우동, 튀김, 알밥, 초밥14ps (광어, 연어, 참치, 계란, 참치불초밥, 꽃등심, 왕새우)', '3인가족세트 (3인)\n75,000\n연어샐러드, 간장새우, 뚝배기우동, 야끼우동, 새우튀김, 알밥, 초밥 21PS (광어, 연어, 참치, 계란, 참치불초밥, 꽃등심, 왕새우) , 사시미 8종 (계절생선2, 단새우, 연어, 도미, 광어, 참치2종, 타코와사비, 계절생선)', '4인가족세트 (4인)\n98,000\n연어샐러드, 간장새우4, 뚝배기우동2, 야끼우동2, 새우튀김4, 알밥4, 초밥 28PS, 사시미 8종 (계절생선2, 단새우, 연어, 도미, 광어, 참치2종, 타코와사비, 계절생선)', '싱싱회덮밥\n8,000']"
대구형제막창 방배점,서울 서초구 서초대로 22 (우)06675,"매일 17:00 ~ 02:00
닫기",02-3474-1219,,[],"['소막창 (250g)\n15,000', '고추장삼겹 (180g)\n9,000', '뼈없는닭발 (180g)\n9,000', '돼지생막창 (240g)']"
남성집,서울 동작구 동작대로 127 지하1층 (우)07008,"매일 10:00 ~ 23:30
닫기",02-599-1175,#제로페이,['#제로페이'],"['순대국\n9,000', '순대국 (특)\n11,000', '보사리감투\n17,000', '섞어\n17,000', '새끼보\n22,000']"
남해안활어,서울 동작구 사당로30길 157 (우)07025,매일 11:00 ~ 01:00,02-522-2069,#친목모임 #회식장소 #제로페이,"['#친목모임', '#회식장소', '#제로페이']","['남해안스페셜(3~4인)\n100,000\n모듬회(대)+모듬해물', '모듬회(소)\n45,000', '광어회(소(\n45,000', '우럭회(소)\n50,000', '도미(중)\n65,000']"
이태리양조장,서울 동작구 동작대로27가길 26 2층 (우)07008,매일 17:00 ~ 03:00,02-535-2208,#데이트코스 #레트로풍 #분위기좋은 #세계맥주 #수제맥주 #이국적인 #피맥,"['#데이트코스', '#레트로풍', '#분위기좋은', '#세계맥주', '#수제맥주', '#이국적인', '#피맥']","['찢먹태\n14,500', '트러플감자튀김\n8,000', '나쵸\n8,000', '코코넛새우와치즈볼\n13,500', '불닭짜파게티\n8,000']"
수연숯불갈비,서울 동작구 동작대로27다길 5 1층 (우)07008,매일 10:00 ~ 02:30,02-537-6212,#안심식당 #노포 #정육식당,"['#안심식당', '#노포', '#정육식당']",[]
김부삼 사당역점,서울 서초구 방배천로4길 20 1~3층 (우)06693,"월~금 16:00 ~ 24:00
닫기",02-585-9493,#안심식당 #친목모임 #회식장소 #제로페이,"['#안심식당', '#친목모임', '#회식장소', '#제로페이']",[]
본때 이수점,"서울 동작구 동작대로27다길 29 1층 103,104호 (우)07008",매일 11:00 ~ 05:00,02-533-0810,#안심식당 #점심식사 #회식장소 #제로페이,"['#안심식당', '#점심식사', '#회식장소', '#제로페이']",[]
구뜰집,서울 서초구 서초대로23길 14 1층 (우)06573,일요일,,02-593-8592 대표번호,[],"['연탄불고기 (1인분)\n10,000', '매콤불고기 (1인분)\n11,000', '연탄삼겹살 (1인분)\n12,000', '연탄석갈비 (1인분)\n12,000', '돼지껍데기 (1인분)\n8,000']"
홍미단 방배본점,서울 서초구 효령로31길 94 (우)06682,"매일 11:00 ~ 21:30
닫기",,02-3472-3335 대표번호,[],"['떡볶이 (1인분)\n3,800', '홍미김밥\n3,200', '오징어튀김\n1,200', '순대 (1인분)\n4,000', '꼬마김밥\n1,200']"
장미맨숀 이수점,서울 동작구 동작대로23길 15 1층 (우)07013,매일 17:00 ~ 02:00,02-583-0314,#가맥 #레트로풍 #제로페이,"['#가맥', '#레트로풍', '#제로페이']","['영웅 닭도리탕\n18,000', '정통 후라이드 치킨\n16,000', '골뱅이 팍팍 무쳤냐\n16,000', '최강 볶음똥집\n14,000', '믹키 크림파스타\n15,000']"
순대만드는집,서울 서초구 방배천로8길 6-2 (우)06691,매일 11:30 ~ 22:00,02-597-1989,#노포 #혼밥 #제로페이,"['#노포', '#혼밥', '#제로페이']","['순대국\n9,000', '순대국 (특)\n10,000', '야채순대\n15,000', '술국\n20,000', '우삼겹부대찌개\n35,000', '베이컨부대찌개\n24,000', '야채순대1인분\n8,000']"
이고집쭈꾸미 이수점,서울 동작구 동작대로27다길 2 1층 (우)07008,"매일 11:00 ~ 23:30
닫기",02-592-9222,#봄제철음식 #친목모임 #회식장소 #제로페이,"['#봄제철음식', '#친목모임', '#회식장소', '#제로페이']","['이고집쭈꾸미(1인분)\n14,000', '차돌쭈꾸미(1인분)\n17,000', '삼겹쭈꾸미(1인분)\n15,000', '새우쭈꾸미(1인분)\n15,000', '치즈퐁듀\n5,000']"
고놈들,서울 동작구 동작대로27나길 20 1층 (우)07008,"월~토 17:00 ~ 02:00
닫기",02-3476-8333,#데이트코스 #친목모임 #제로페이,"['#데이트코스', '#친목모임', '#제로페이']","['한우 1+ 채끝등심\n23,000', '한우 1+ 안심\n24,000', '와규눈꽃등심\n18,000', '와규눈꽃살치살\n21,000', '국내산 생삼겹살\n15,000']"
미소네,서울 동작구 동작대로7길 32 1층 (우)07015,,,,[],"['특회\n60,000', '스페셜\n60,000', '농어\n75,000', '광어\n30,000', '우럭\n30,000']"
한울갈비,서울 동작구 동작대로1길 9 1층 (우)07025,매일 10:30 ~ 23:00,02-583-4118,#안심식당 #친목모임 #회식장소 #카카오페이 #제로페이,"['#안심식당', '#친목모임', '#회식장소', '#카카오페이', '#제로페이']",[]
시스트로,서울 서초구 방배천로24길 25 시현빌 1층 101호 (우)06675,,02-587-1230,#안심식당 #비스트로 #소개팅 #점심식사 #코스요리 #제로페이,"['#안심식당', '#비스트로', '#소개팅', '#점심식사', '#코스요리', '#제로페이']",[]
오다가다,서울 동작구 동작대로35길 10 1층 (우)06995,화~토 12:30 ~ 21:30,,070-8876-6424 대표번호,[],"['아메리카노\n3,800', '카페라떼\n4,300', '플랫화이트\n4,300', '타히티바닐라라뗴\n4,500', '그린티에스프레소\n4,800', '다크모카\n4,800', '비엔나커피\n5,000', '아포가토 클래식밀크\n5,500', '아포가토 그린티\n5,500', '밀크티\n5,000', '더티 초콜릿\n5,000', '벨베리 블라스터\n5,000', '블랙티 자몽블라스터\n5,000', '현미유즐리요거트\n5,500', '분자나나\n6,000', '제주영귤차\n6,800', '순수말차케이크\n6,800', '당근케이크\n6,800', '라즈베리치즈초콜릿케이크\n6,500', '어저다딸기케이크\n6,500']"
쿠킨스테이크 이수점,서울 동작구 동작대로27다길 44 2층  (우)07008,"매일 11:30 ~ 21:30
닫기",,02-593-0108 대표번호,[],"['베이컨 크림 파스타\n11,000', '새우로제 파스타\n11,000', '매운 치킨 크림 파스타\n11,000', '포르마지 함박 스테이크\n9,000', '목살 스테이크\n9,000']"
남도술상,서울 서초구 방배천로 12-11 지하1층 (우)06693,매일 16:00 ~ 22:00 (사전예약 시 오픈 가능),02-598-8040,#술한잔하기좋은 #전통음식 #친목모임 #회식장소 #제로페이,"['#술한잔하기좋은', '#전통음식', '#친목모임', '#회식장소', '#제로페이']","['남도술상\n59,000\n홍어무침/과메기무침+초장낙지+코다리+숙주볶음+두부김치+잡채+꼬막+오리훈제+부침개+찌개', '다정술상\n39,000\n홍어무침/과메기무침+숙주볶음+두부김치+잡채+꼬막+오리훈제+부침개+찌개']"
용범이네인계동껍데기,서울 동작구 동작대로25길 22 (우)07008,매일 17:00 ~ 05:00,,,[],"['족발껍데기 (150g)\n7,000', '불족발껍데기 (150g)\n8,000', '벌집껍데기 (150g)\n7,000', '항정껍데기 (150g) (스페인산)\n7,000', '꼬들살 (150g)\n9,000']"
교대이층집 사당점,서울 서초구 방배천로 12-9 2층 (우)06693,매일 11:30 ~ 22:30,,02-523-8188 대표번호,[],"['통삼겹(국내산, 160g)\n16,000', '꽃삼겹(국내산, 160g)\n16,000', '통목살(국내산, 160g)\n16,000', '채끝등심(한우1++, 150g)\n38,000', '가브리살(국내산, 150g)\n18,000', '차돌박이(한우1++, 150g)\n27,000', '시골된장찌개\n7,000', '후식냉면(물, 비빔)\n7,000', '볶음밥한판\n10,000', '버섯칼국수\n7,000']"
올리브에비뉴,서울 서초구 방배천로 11 파스텔시티 6층 (우)06693,"매일 11:30 ~ 22:30
닫기",,02-3474-7777 대표번호,[],[]
왕금성 이수역점,서울 서초구 서초대로 3-4 디오슈페리움 1차 203호 (우)06568,매일 11:30 ~ 21:30,,02-533-1193 대표번호,[],[]
해이케이크샵,서울 서초구 방배천로2안길 69 1층 103호 (우)06691,"월,화,수요일
닫기",,070-7617-0084 대표번호,[],[]
놀란돼지 이수점,서울 동작구 동작대로17길 6 1층 (우)07013,,,,[],[]
크래프트한스 이수점,서울 동작구 동작대로27길 42 (우)07008,매일 17:00 ~ 02:00,,02-532-9459 대표번호,[],"['한스 크리스피 치킨\n17,000', '감바스 알 아히요\n16,000', '갈릭 쉬림프 피자\n15,000', '시카고 피자\n17,000', '허니 크림치즈 크래커\n8,000']"
제줏간 이수점,서울 동작구 동작대로27길 22 1층 (우)07008,"월~금 15:00 ~ 00:00
닫기",,1688-0221 대표번호,[],"['쫄깃살\n13,900', '제줏특삼겹살\n14,900']"
역전할머니맥주 이수역점,서울 동작구 동작대로27다길 26 1층 (우)07008,매일 17:00 ~ 04:00,,02-599-8330 대표번호,[],"['노가리\n6,000', '마른오징어\n9,000', '짜빠구리\n8,000', '치즈라볶이\n8,000', '오징어입\n7,000']"
조개창고 방배점,서울 서초구 방배로 147 내방빌딩 3층 (우)06672,"월~금 17:00 ~ 23:00
닫기",,010-9000-8678 대표번호,[],"['무한리필 1인\n29,500\n[조개구이&찜 + 소고기 + 돼지고기 + 꼬치구이 + 수십가지 뷔페메뉴] 무한리필', '초등학생\n20,500\n8세~13세 중, 고등학생은 성인요금 적용입니다.', '미취학아동\n12,500\n생후 24개월 부터 7세 까지 (증명서 지참시 적용)']"
모소리 사당점,서울 동작구 사당로 243-5 1층 (우)07005,매일 17:00 ~ 23:30,,070-7543-8335 대표번호,[],"['모소리살 (120g)\n12,000', '가오리살 (120g)\n12,000', '가로막살 (120g)\n12,000', '구멍살 (120g)\n12,000', '삼각살 (120g)\n12,000']"
코다차야 사당점,서울 서초구 방배천로2길 7 지하1층 (우)06693,매일 17:00 ~ 24:00,,02-837-3000 대표번호,[],"['맥스생\n3,500', '망고링고\n4,000', '김치볶음밥\n9,000', '까르보나라\n9,900', '모듬꼬치\n15,000', '돈코츠라멘\n8,000', '삼겹살숙주볶음\n15,500', '등심탕수육\n12,000', '차돌박이숙주볶음\n14,000', '특모듬꼬치\n23,000', '고기꼬치모듬\n17,000', '모듬꼬치구이\n17,000', '매콤해물 치즈 파스타', '쇠고기 숙주철판', '토마토 홍합짬뽕', '우삼겹 숙주철판', '크림홍합짬뽕']"
낯선한식븟다,서울 동작구 사당로30길 28 1층 (우)07013,"화~금 11:40 ~ 22:00
화~금 휴게시간 14:00 ~ 15:30
닫기",,"070-7543-5250 대표번호
더보기",[],"['소고기 육전\n24,000', '신 마늘 버섯 닭도리탕\n25,000', '곱닭도리탕\n35,000']"
엔제리너스 이수역점,서울 동작구 동작대로25길 16 (우)07008,매일 00:00 ~ 24:00,,02-595-7619 대표번호,[],"['아메리카노\n4,500\n은은한 단맛과 풍미가 진한 에스프레소에 물을 넣어 연하게 마시는 커피입니다.', '에그마요 반미\n6,200\n부드럽고 고소한 에그마요가 듬뿍 들어간 샌드위치', 'FRESH SANDWICH SET\n15,200\n쌀 바게트로 바로 만든 반미 샌드위치\n\n제품구성 : 아메리카노 2잔+샌드위치 1개', '우유고구마\n5,800\n부드러운 생크림과 고구마 무스가 조화로운 케이크', '에그 햄치즈 토스트\n5,200\n촉촉하게 구운 햄&치즈 부드러운 에그가 어울린 오븐샌드위치']"
천하무족,서울 동작구 동작대로7길 74 1층 (우)07025,"월~금 14:00 ~ 23:00
닫기",02-595-3308,#제로페이,['#제로페이'],"['족발 (뒷발) (중)\n33,000\n국내산 뒷족', '추천\n냉채족발 (중)\n37,000\n국내산 뒷족', '불족발 (중)\n37,000\n국내산 뒷족', '족발 대 (앞발)\n37,000\n국내산앞족', '보쌈(대)\n42,000\n국내산 최고등급 목살', '보쌈(중)\n35,000\n국내산 최고등급 목살', '보,족 셋트(대)\n70,000\n국내산 앞족과 국내산 최고등급목살', '보,족 셋트(중)\n60,000\n국내산 앞족과 국내산 최고등급목살', '쟁반막국수(대)\n12,000\n새콤달콤 환상적인 맛', '쟁반막국수(중)\n7,000\n새콤달콤 환상적인 맛', '추천\n셋트족발 대(앞발)\n45,000\n족발+무침+소면', '셋트족발 중(뒷발)\n40,000\n족발+무침+소면', '한우내장수육 (중)\n37,000']"
통영해물보쌈,서울 서초구 방배천로4길 26 (우)06693,"매일 11:00 ~ 24:00
닫기",,02-585-4378 대표번호,[],"['통영해물보쌈\n35,000', '문어해물보쌈\n55,000', '홍어삼합\n50,000', '모듬회\n70,000', '연포당\n45,000', '낙지볶음\n45,000', '아구찜\n50,000', '물회\n45,000']"
돈키,서울 서초구 방배천로18길 10 (우)06677,매일 11:30 ~ 20:30,02-599-2747,#경양식요리 #제로페이,"['#경양식요리', '#제로페이']","['로스카츠 정식\n10,000', '히레카츠 정식\n11,000', '치킨까스 정식\n9,000', '생선까스 정식\n11,000', '비후카츠 정식\n13,000', '볼카츠 정식\n10,000', '치즈볼카츠 정식\n13,000', '새우까스 정식\n13,000', '오징어까스 정식\n13,000', '로스+생선까스 정식\n12,000', '모둠 정식\n14,000', '굴까스 정식\n14,000']"
카페오쎄,"서울 서초구 방배천로4안길 32 1,2층 (우)06691",매일 10:00 ~ 23:00,,02-523-0077 대표번호,[],"['추천\n오쎄 베이커리\n변동가격', '오쎄 내츄럴 와인\n변동가격', '추천\n오쎄 브런치\n변동가격']"
쇼보 이수점,서울 동작구 동작대로25길 32 2층 (우)07008,,,,[],[]
땡초우동인포차 이수본점,서울 동작구 동작대로27다길 37 (우)07008,"월~금 18:00 ~ 04:00
닫기",,02-537-1832 대표번호,[],[]
요코쵸,서울 동작구 사당로30길 100 (우)07015,"월~목 17:00 ~ 24:00
닫기",02-523-8222,#분위기좋은 #소개팅 #회식장소 #제로페이,"['#분위기좋은', '#소개팅', '#회식장소', '#제로페이']","['토리가라아게\n14,000', '오꼬노미야끼\n14,000', '난코츠가라아게\n10,000', '야끼소바\n14,000', '게살 크림 고로케\n13,000']"
군산 은모래해물탕아구찜 본점,서울 서초구 방배천로4길 8 (우)06693,매일 11:00 ~ 24:00,,02-588-2320 대표번호,[],"['황제문어해물탕\n89,000', '활문어해물탕찜\n95,000', '활낙지해물탕찜\n75,000', '아구찜 (소)\n45,000', '아구탕 (소)\n45,000']"
언니가 숨겨놓은 과자상자,서울 서초구 방배천로8길 36 1층 (우)06691,"매일 11:00 ~ 20:00
닫기",,02-6959-7666 대표번호,[],"['토종꿀 휘낭시에\n2,400\n토종꿀이 듬뿍 들어가 더 달콤해진 묵직하고 쫀쫀한 식감의 휘낭시에', '생크림스콘\n3,800\n우유 대신 생크림을 넣어 반죽해 더 진하고 고소한 맛의 스콘', '올망졸망 마들렌\n1,200\n미니 마들렌 위 알록달록 화이트초콜릿 코팅을 입힌 언숨과 시그니처메뉴', '베이비까눌레\n800\n겉은 바삭 속은 촉촉쫀득, 녹진한 버터향이 폴폴 나는 까눌레 미니버젼 바닐라, 말차, 얼그레이, 코코아 총 4가지 맛 준비되어있어요', '병아리레몬케이크\n3,700\n레몬파운드케이크 위 상큼달달한 레몬아이싱을 올린 귀여운 병아리모양 레몬케이크']"
호시라멘,서울 서초구 방배천로2안길 39 1층 (우)06692,"화~금 11:30 ~ 20:30
화,수,목,금,일 휴게시간 15:00 ~ 17:00
닫기",,02-525-2042 대표번호,[],"['돈코츠라멘\n9,000', '추천\n매운돈코츠라멘\n9,500', '차슈 비빔밥\n7,500']"
루키더셰프,서울 서초구 방배천로16길 18 (우)06677,"화요일
닫기",,,[],"['엔초비 오일파스타\n10,500', '크림 까르보나라 파스타\n14,500', '클래식 라자냐\n12,000', '크림 스피니치 뇨끼\n13,000', '봉골레 오일파스타\n13,500']"
영풍치킨 사당본점,서울 동작구 동작대로27가길 6 (우)07008,매일 13:00 ~ 24:00,02-534-2009,#치맥 #친목모임 #제로페이,"['#치맥', '#친목모임', '#제로페이']","['후라이드 (소)\n16,000', '양념치킨 (소)\n17,000', '돈까스 안주\n18,000', '영풍스페샬\n35,000', '새우튀김\n21,000']"
통영바다풍경 방배1호점,서울 서초구 방배천로4안길 55 1층 (우)06677,매일 11:30 ~ 22:00,,02-582-6351 대표번호,[],[]
송이하랑,서울 서초구 서초대로 21 (우)06569,매일 11:00 ~ 22:00,,02-599-4499 대표번호,[],"['명품한우생등심(150g)\n39,000', '한우차돌박이(150g)\n27,000', '돼지갈비(250g)\n16,000', '생삼겹살(150g)\n15,000', '간장게장\n28,000']"
맛찬들왕소금구이 이수점,서울 동작구 동작대로27길 16-4 1층 (우)07008,"화~토 11:30 ~ 22:00
닫기",,02-533-6692 대표번호,[],[]
무삥과팟타이,서울 동작구 동작대로27다길 20 2층 (우)07008,"화~일 11:00 ~ 22:00
닫기",02-887-9595,#혼밥 #제로페이,"['#혼밥', '#제로페이']","['팟타이 (오리지널)\n7,500', '꿍팟퐁거리 (S)\n10,000', '까이팟멧마무앙\n13,000', '뿌팟퐁커리 (2인용)\n24,000', '루비피쉬 튀김 (1인용)\n14,000']"
호시,서울 서초구 서초대로1길 19-6 1층 (우)06567,"월~토 11:30 ~ 21:30
월~토 휴게시간 15:00 ~ 17:00
닫기",02-534-9716,#혼밥 #제로페이,"['#혼밥', '#제로페이']","['활어초밥 (10pcs)\n15,000', '연어초밥 (10pcs)\n15,000', '알밥\n7,000', '연어롤\n9,500', '캘리포니아롤\n8,500', '호시초밥\n13,000']"
스시코에,서울 서초구 서초대로 17 (우)06569,"월~토 18:00 ~ 22:00
닫기",,010-4134-8466 대표번호,[],[]
오늘와인한잔 이수점,서울 동작구 동작대로27다길 29 서광시티뷰 1층 101호 (우)07008,"월~목 16:00 ~ 02:00
닫기",,070-4799-3362 대표번호,[],"['오늘 스테이크\n15,900', '추천\n와인 한잔\n2,900\n와인 한잔 2900~']"
스시세이,서울 동작구 동작대로13길 10 A동 1층 (우)07014,"월~금 11:00 ~ 21:00
월~토 휴게시간 14:30 ~ 17:00
닫기",02-525-2466,#점심특선 #제로페이,"['#점심특선', '#제로페이']","['참치 (2p)\n4,000', '연어초밥 (10p)\n18,000', '소고기초밥 (10p)\n18,000', '활어회덮밥\n15,000', '돈카츠\n10,000']"
정원조닭한마리 본점,서울 동작구 동작대로27다길 11 (우)07008,매일 11:00 ~ 03:00,02-3478-2480,#제로페이,['#제로페이'],"['닭한마리\n25,000']"
24시비사벌 전주콩나물국밥,서울 서초구 동광로10길 2 (우)06565,매일 07:00 ~ 22:00,02-533-5085,#아침식사,['#아침식사'],"['콩나물국밥\n9,000', '계란말이\n9,000', '모주\n2,000']"
팔각도 이수역점,서울 동작구 동작대로27다길 12 1층 (우)07008,"월,화,수,목,일 12:00 ~ 22:00
닫기",,02-595-0407 대표번호,[],[]
카페페라 유니크점,서울 서초구 방배천로 11 1층 (우)06693,"월~토 08:30 ~ 22:00
닫기",02-522-2582,#디저트카페 #모임장소,"['#디저트카페', '#모임장소']","['아주 연한 커피\n6,000', '카페라떼\n7,000', '아이스 아메리칸 커피\n7,000', '레몬 에이드\n7,000', '블루베리 요거트 아이스크림\n7,700']"
서호김밥 본점,서울 서초구 방배중앙로 141-1 (우)06560,"화~일 10:00 ~ 20:00
화~일 휴게시간 14:00 ~ 16:30
닫기",02-594-4434,#제로페이,['#제로페이'],"['서호김밥\n5,000', '참치김밥\n5,000', '고추장소고기김밥\n5,500', '김치수제비\n8,000', '서호떡볶이\n5,500']"
도쿄하나 사당점,서울 서초구 방배천로 11 파스텔 시티 3층 (우)06693,매일 11:00 ~ 22:00,,02-585-2020 대표번호,[],"['도쿄하나 오마카세 참치\n120,000', '도쿄하나 오마카세\n100,000', '도쿄하나 스페셜\n78,000', '도쿄하나 정식\n58,000', '주말 가족 A코스\n60,000', '주말 가족 B코스\n50,000', '주말 가족 C코스\n38,000', '도쿄하나 점심 A코스\n55,000', '도쿄하나 점심 B코스\n45,000', '도쿄하나 점심 C코스\n35,000', '사모님 점심특선(여성 전용 메뉴)\n29,000', '통우럭양념구이\n15,000', '특모둠초밥\n30,000', '생대구탕\n18,000', '도쿄하나 자연산']"
곽반장,서울 동작구 동작대로27가길 45 (우)07008,매일 11:00 ~ 22:00,02-535-0257,#제로페이,['#제로페이'],"['곽반장짬뽕\n10,000', '곽반장하얀짬뽕\n10,000', '짜장\n6,500', '볶음밥\n8,000', '만두\n6,000', '찹쌀탕수육 (소)\n18,000']"
소라노호시,서울 동작구 동작대로27길 16-5 1층 (우)07008,"월~금 17:00 ~ 23:50
닫기",,02-537-4777 대표번호,[],"['단새우와 성게알\n44,000', '시메사바\n20,000', '모둠사시미\n48,000', '단새우\n24,000', '안키모폰즈\n24,000', '성게알\n38,000', '후토마끼(추가)\n24,000', '고등어봉초밥(추가)\n24,000', '모둠초밥12 (추가)\n25,000']"
깔리 사당점,서울 서초구 방배천로 21 동화빌딩 4층 (우)06692,매일 11:30 ~ 22:00,,,[],"['스페셜 깔리세트(2인기준)\n38,000\n그린샐러드+사모사+탄두리 치킨+커리 택1+난 또는 강황 밥 중 택2+플레인 스위트 라씨 또는 콜라,사이다 중 택2', '모듬 탄두리 바베큐 (Full)\n42,000', '모듬 탄두리 바베큐 (Half)\n22,000', '탄두리 파니르 티카\n18,000', '탄두리 버섯 티카\n16,000', '탄두리 치킨 티카\n15,000', '탄두리 치킨 (full)\n19,000', '탄두리 치킨 (half)\n10,000', '탄두리 왕새우\n24,000', '탄두리 양고기 티카\n18,000', '아프가니 치킨 (Full)\n22,000', '아프가니 치킨 (Half)\n12,000', '치킨 말라이 티카\n16,000', '그린 샐러드\n8,000', '탄두리 치킨 샐러드\n12,000', '새우 샐러드\n15,000', '사모사\n5,000', '베지터블 파코라\n7,000', '드라이 파파드\n4,000', '마살라 파파드\n7,000']"
외양간,서울 동작구 동작대로11길 16 1층 (우)07014,"월~토 15:00 ~ 24:00
닫기",02-598-8222,#제로페이,['#제로페이'],"['특수부위모둠(100g)\n12,000', '키조개 관자+묵은지\n9,000', '차돌된장라면\n6,000', '차돌볶음밥\n4,000']"
여정막걸리,서울 동작구 동작대로3길 10 (우)07015,매일 16:00 ~ 24:00,02-585-0515,#민속주점 #회식장소 #제로페이,"['#민속주점', '#회식장소', '#제로페이']","['수육\n30,000', '홍어삼합\n50,000', '해물김치전\n15,000', '해물부추전\n15,000', '두부김치\n15,000']"
복돈이부추삼겹살 사당본점,서울 관악구 남현1길 68-14 남현빌딩 1층 (우)08807,"매일 12:00 ~ 23:00
닫기",02-582-5124,#제로페이,['#제로페이'],"['생삼겹 (180g)\n12,000', '냉동삼겹살 (180g)\n8,000', '오겹살 (180g)\n9,000', '불삼겹 (180g)\n9,000', '목살 (180g)\n9,000']"
스타벅스 이수자이점,서울 동작구 사당로 300 (우)07013,"화~금 07:00 ~ 22:00
닫기",,1522-3232 대표번호,[],"['리저브 나이트로\n7,500\n나이트로 커피 정통의 캐스케이딩과 부드러운 콜드 크레마!\n부드러운 목 넘김과 완벽한 밸런스에 커피 본연의 단맛을 경험할 수 있습니다.', '제주 한라봉 말차 블렌디드\n7,500\n청정한 제주를 느낄 수 있도록\n제주산 말차, 한라봉을 사용한\n시원하고 달콤한 프로즌 티', '플럼 선셋 유스베리 티\n7,000\n익숙한 자두와 상큼한 유스베리 티의 조합으로\n일상적이지만 아름답고 특별한 선셋을 표현한 음료', '바닐라 빈 푸딩 블렌디드 위드 콜드 브루\n6,300\n바닐라 빈이 콕콕 박힌 부드러운 푸딩과 산뜻한 콜드 브루의 만남!\n진한 바닐라 풍미를 느낄 수 있는 커피 블렌디드', '퍼플 드링크 위드 망고 용과 스타벅스 리프레셔\n5,900\n망고 용과와 코코넛 밀크가 달콤하고 부드럽게 조화된 맛에\n가볍게 에너지 부스팅을 할 수 있는 음료', '라이트 키위 라임 블렌디드\n6,300\n여름의 나른함을 짜릿하게 날려버릴 블렌디드\n새콤한 키위 라임과 쫄깃한 곤약 젤리로 가볍게 리프레쉬 할 수 있는 음료\n*천연 대체 감미료가 함유되어 100kcal로(T 기준) 더욱 라이트하게 즐기실 수 있습니다.\n*취향에 따라 클래식 시럽을 무료로 추가 하실 수 있습니다.', '망고 용과 레모네이드 스타벅스 리프레셔\n5,900\n망고 용과와 레모네이드가 달콤 상큼하게 조화된 맛에\n가볍게 에너지 부스팅을 할 수 있는 음료', '얼 그레이 카카오 초코 프라푸치노\n6,500\n바리스타가 된 춘식이 초콜릿 토핑과 카카오 초콜릿 칩,\n그리고 티바나 얼그레이 티를 더해\n누구나 특별한 달콤함을 즐길 수 있는 프라푸치노 음료입니다.', '오늘의 커피\n4,200\n신선하게 브루드(Brewed)되어 원두의 다양함이 살아있는 커피', '카푸치노\n5,000\n풍부하고 진한 에스프레소에 따뜻한 우유와 벨벳 같은 우유 거품이 1:1 비율로 어우러져 마무리된 커피 음료', '카페 라떼\n5,000\n풍부하고 진한 에스프레소가 신선한 스팀 밀크를 만나 부드러워진 커피 위에 우유 거품을 살짝 얹은 대표적인 커피 라떼', '카페 모카\n5,500\n진한 초콜릿 모카 시럽과 풍부한 에스프레소를 스팀 밀크와 섞어 휘핑크림으로 마무리한 음료로 진한 에스프레소와 초콜릿 맛이 어우러진 커피', '카페 아메리카노\n4,500\n진한 에스프레소와 뜨거운 물을 섞어 스타벅스의 깔끔하고 강렬한 에스프레소를 가장 부드럽게 잘 느낄 수 있는 커피', '카라멜 마키아또\n5,900\n향긋한 바닐라 시럽과 따뜻한 스팀 밀크 위에 풍성한 우유 거품을 얹고 점을 찍듯이 에스프레소를 부은 후 벌집 모양으로 카라멜 드리즐을 올린 달콤한 커피 음료', '화이트 초콜릿 모카\n5,900\n달콤하고 부드러운 화이트 초콜릿 시럽과 에스프레소를 스팀 밀크와 섞어 휘핑크림으로 마무리한 음료로 달콤함과 강렬한 에스프레소가 부드럽게 어우러진 커피', '스타벅스 돌체 라떼\n5,900\n스타벅스의 다른 커피 음료보다 더욱 깊은 커피의 맛과 향에 깔끔한 무지방 우유와 부드러운 돌체 시럽이 들어간 음료로 달콤하고 진한 커피 라떼', '자바 칩 프라푸치노\n6,300\n커피, 모카 소스, 진한 초콜릿 칩이 입안 가득 느껴지는 스타벅스에서만 맛볼 수 있는 프라푸치노', '망고 바나나 블렌디드\n6,300\n(Grande Only) 달콤한 망고 패션 프루트 주스에\n바나나 1개가 통째로 들어간 신선한 블렌디드', '아이스 자몽 허니 블랙 티\n5,700\n새콤한 자몽과 달콤한 꿀이 깊고 그윽한 풍미의 스타벅스 티바나 블랙 티의 조화', '자몽 허니 블랙 티\n5,700\n새콤한 자몽과 달콤한 꿀이 깊고 그윽한 풍미의 스타벅스 티바나 블랙 티의 조화', '콜드 브루\n4,900\n스타벅스 바리스타의 정성으로 탄생한 콜드 브루!\n\n콜드 브루 전용 원두를 차가운 물로 추출하여 한정된 양만 제공됩니다.\n깊은 풍미의 새로운 커피 경험을 즐겨보세요.', '', '', '', '']"
로코민트,서울 서초구 방배천로2안길 48 1층 (우)06692,"월~토 11:30 ~ 21:00
월~금 휴게시간 14:30 ~ 17:00
닫기",,#데이트코스 #피맥,"['#데이트코스', '#피맥']","['그라나파다노\n12,000', '알리오 올리오\n12,000', '까르보나라 (이태리식)\n12,900', '크림 리조또\n12,900', '고르곤졸라 피자\n13,900']"
황토가마솥설렁탕,서울 동작구 동작대로29가길 8 (우)06997,,,,[],[]
작은피자집,서울 동작구 사당로30길 96 (우)07015,"월~금 17:00 ~ 24:00
닫기",02-597-1987,#데이트코스 #피맥 #제로페이,"['#데이트코스', '#피맥', '#제로페이']","['더블치즈 피자\n16,000', '트리플치즈 피자\n17,000', '페퍼로니 피자\n18,000', '불고기체다\n18,000', '베이컨\n17,000', '반/반 2개 선택\n19,000']"
차이797 블랙 서래마을점,"서울 서초구 동광로 78 방배빌딩 1,2층 (우)06585","월~금 11:30 ~ 22:00
월~금 휴게시간 15:00 ~ 17:30
닫기",,02-537-7972 대표번호,[],[]
산쪼메 이수점,서울 동작구 사당로 300 이수자이 지하2층 B202호 (우)07013,"매일 11:30 ~ 21:00
닫기",,#점심식사 #혼밥 #제로페이,"['#점심식사', '#혼밥', '#제로페이']","['돈코츠라멘\n7,500', '산쪼메라멘\n8,000', '시오버터라멘\n7,500', '쇼유라멘\n7,500', '츠케멘\n8,000', '냉라멘\n8,000', '규동\n8,000', '가쿠니동\n8,000', '매운부타동\n7,500', '가라아게 카레라이스\n7,500', '새우튀김 카레라이스\n7,500', '토리카라아게\n8,000', '코롯케 (1개)\n3,000', '코롯케 (2개)\n5,000', '돈카츠\n8,000', '돈코츠라멘 (점심)\n6,500', '산쪼메라멘 (점심)\n7,000', '시오버터라멘 (점심)\n6,500', '쇼유라멘 (점심)\n6,500', '규동 (점심)\n7,000']"
선화의고기 방배본점,서울 서초구 서초대로24길 9 1층 (우)06672,"매일 10:30 ~ 22:30
월~토 휴게시간 15:00 ~ 17:00
닫기",02-3486-5505,#안심식당 #내방역고기집 #내방역맛집 #방배동고기집 #방배동맛집 #방배동소고기맛집 #가족모임 #점심식사 #회식장소 #제로페이,"['#안심식당', '#내방역고기집', '#내방역맛집', '#방배동고기집', '#방배동맛집', '#방배동소고기맛집', '#가족모임', '#점심식사', '#회식장소', '#제로페이']",[]
영일만,서울 동작구 남부순환로271길 27 (우)07025,매일 12:00 ~ 22:00,02-522-4080,#제로페이,['#제로페이'],"['막회 (대)\n35,000', '막회 (중)\n30,000', '한치물회\n11,000', '가자미물회\n12,000', '광어물회\n15,000', '과메기\n17,000', '오징어볶음\n15,000', '양푼회밥\n7,000', '양푼회국수\n7,000', '조기매운탕 (대)\n25,000', '조기매운탕 (중)\n20,000']"
참숯고깃골,서울 서초구 방배천로8길 5 (우)06677,"매일 10:00 ~ 22:00
닫기",02-598-2958,#친목모임 #회식장소 #제로페이,"['#친목모임', '#회식장소', '#제로페이']","['한우꽃등심구이 (150g)\n50,000', '한우생등심구이 (150g)\n43,000', '소왕양념구이 (250g)\n24,000', '생삼겹구이 (180g)\n15,000', '갈비탕\n13,000']"
박은자맛사랑,서울 서초구 방배천로2안길 7 2층 (우)06693,매일 10:30 ~ 22:00,02-525-8588,#가족모임 #단체예약 #점심특선 #친목모임 #회식장소 #제로페이,"['#가족모임', '#단체예약', '#점심특선', '#친목모임', '#회식장소', '#제로페이']","['해물찜(2인)\n42,000', '해물탕(2인)\n42,000', '아구찜(2인)\n42,000', '아구탕(2인)\n42,000', '보쌈(2인)\n34,000']"
명동칼국수,서울 서초구 방배천로 12 (우)06693,매일 11:30 ~ 23:30,02-582-8789,#점심식사 #제로페이,"['#점심식사', '#제로페이']","['명동칼국수\n6,000', '해물칼국수 (1인분)\n7,000', '복 칼국수 (1인분)\n8,000', '왕만두\n6,000', '만두국\n6,500', '해물순두부\n7,000', '즉석순두부\n6,000', '된장찌개\n7,000', '즉석모두부\n9,000', '만두전골 (1인분)\n10,000', '버섯전골 (1인분)\n10,000', '불낙전골 (1인분)\n10,000', '두부전골 (1인분)\n10,000', '순두부전골 (1인분)\n10,000', '모듬전\n18,000', '동태전\n12,000', '고추전\n11,000', '동그랑땡\n10,000', '호박전\n10,000', '해물파전\n10,000']"
사당양꼬치,서울 동작구 사당로30길 163 (우)07025,매일 12:00 ~ 01:00,02-588-8188,#친목모임 #제로페이,"['#친목모임', '#제로페이']","['마라탕 (중)\n12,000', '마라구수개 (소)\n15,000', '왕가지튀김 (소)\n15,000', '궁보기정\n15,000', '콜라닭날개\n15,000']"
거북이,서울 서초구 방배천로4안길 48 1층 (우)06691,매일 12:00 ~ 22:00,,070-4015-5314 대표번호,[],"['아메리카노\n4,500', '마리아쥬 마르코 폴로\n6,000', '퓨어 자몽에이드\n6,500']"
럭키갈비찜,서울 동작구 사당로29길 2 1층 (우)07008,매일 12:00 ~ 23:00,,02-6406-7770 대표번호,[],[]
리프레셔스,서울 서초구 청두곶6길 8 1층 (우)06690,"화~일 10:00 ~ 21:00
닫기",,010-4277-2519 대표번호,[],[]
미스피츠,서울 동작구 동작대로3길 30 1층 (우)07015,"월~금 11:30 ~ 22:00
월~금 휴게시간 14:00 ~ 17:00
닫기",,02-525-4806 대표번호,[],"['미스피츠 (단품)\n9,500\n기본에 충실한 클래식한 스타일의 약간 매콤한 미스피츠 버거', '미스다이어리 (단품)\n10,000\n에그 샐러드와 사과가 들어가 담백한 버거', '추천\n트러플 크리미 (단품)\n10,500\n양송이볶음과 짭쪼름한 트러플 미소크림이 어우러진 버거', '추천\n엉클 파인 (단품)\n10,500\n구운 파인애플의 쥬시함과 패티의 육즙이 어우러진 풍부한 맛의 버거', '오지워커 (단품)\n10,500\n계란 베이컨이 들어가 푸짐한 리얼 호주스타일 버거', '멕시칸 칠리 (단품)\n11,000\n멕시칸 스타일의 고기볶음이 들어간 이국적인 향의 버거', '볼케이노 (단품)\n11,000\n모짜렐라치즈튀김과 체다치즈소스 잭치즈가 어우러진 트리플치즈버거', '페리 치킨 (단품)\n9,500\n매콤한 페리소스와 닭가슴살튀김의 조화로움 닭가슴살튀김', '번 치킨 번 (단품)\n12,000\n번을 대신한 치킨번과 모짜렐라치즈가 덥힌 패티를 감싸안은 푸짐한 버거']"
스타벅스 사당역점,서울 동작구 동작대로 21 양지빌딩 1~3층 (우)07015,"화~금 07:00 ~ 23:00
닫기",,1522-3232 대표번호,[],"['리저브 나이트로\n7,500\n나이트로 커피 정통의 캐스케이딩과 부드러운 콜드 크레마!\n부드러운 목 넘김과 완벽한 밸런스에 커피 본연의 단맛을 경험할 수 있습니다.', '제주 한라봉 말차 블렌디드\n7,500\n청정한 제주를 느낄 수 있도록\n제주산 말차, 한라봉을 사용한\n시원하고 달콤한 프로즌 티', '플럼 선셋 유스베리 티\n7,000\n익숙한 자두와 상큼한 유스베리 티의 조합으로\n일상적이지만 아름답고 특별한 선셋을 표현한 음료', '바닐라 빈 푸딩 블렌디드 위드 콜드 브루\n6,300\n바닐라 빈이 콕콕 박힌 부드러운 푸딩과 산뜻한 콜드 브루의 만남!\n진한 바닐라 풍미를 느낄 수 있는 커피 블렌디드', '퍼플 드링크 위드 망고 용과 스타벅스 리프레셔\n5,900\n망고 용과와 코코넛 밀크가 달콤하고 부드럽게 조화된 맛에\n가볍게 에너지 부스팅을 할 수 있는 음료', '라이트 키위 라임 블렌디드\n6,300\n여름의 나른함을 짜릿하게 날려버릴 블렌디드\n새콤한 키위 라임과 쫄깃한 곤약 젤리로 가볍게 리프레쉬 할 수 있는 음료\n*천연 대체 감미료가 함유되어 100kcal로(T 기준) 더욱 라이트하게 즐기실 수 있습니다.\n*취향에 따라 클래식 시럽을 무료로 추가 하실 수 있습니다.', '망고 용과 레모네이드 스타벅스 리프레셔\n5,900\n망고 용과와 레모네이드가 달콤 상큼하게 조화된 맛에\n가볍게 에너지 부스팅을 할 수 있는 음료', '얼 그레이 카카오 초코 프라푸치노\n6,500\n바리스타가 된 춘식이 초콜릿 토핑과 카카오 초콜릿 칩,\n그리고 티바나 얼그레이 티를 더해\n누구나 특별한 달콤함을 즐길 수 있는 프라푸치노 음료입니다.', '오늘의 커피\n4,200\n신선하게 브루드(Brewed)되어 원두의 다양함이 살아있는 커피', '카푸치노\n5,000\n풍부하고 진한 에스프레소에 따뜻한 우유와 벨벳 같은 우유 거품이 1:1 비율로 어우러져 마무리된 커피 음료', '카페 라떼\n5,000\n풍부하고 진한 에스프레소가 신선한 스팀 밀크를 만나 부드러워진 커피 위에 우유 거품을 살짝 얹은 대표적인 커피 라떼', '카페 모카\n5,500\n진한 초콜릿 모카 시럽과 풍부한 에스프레소를 스팀 밀크와 섞어 휘핑크림으로 마무리한 음료로 진한 에스프레소와 초콜릿 맛이 어우러진 커피', '카페 아메리카노\n4,500\n진한 에스프레소와 뜨거운 물을 섞어 스타벅스의 깔끔하고 강렬한 에스프레소를 가장 부드럽게 잘 느낄 수 있는 커피', '카라멜 마키아또\n5,900\n향긋한 바닐라 시럽과 따뜻한 스팀 밀크 위에 풍성한 우유 거품을 얹고 점을 찍듯이 에스프레소를 부은 후 벌집 모양으로 카라멜 드리즐을 올린 달콤한 커피 음료', '화이트 초콜릿 모카\n5,900\n달콤하고 부드러운 화이트 초콜릿 시럽과 에스프레소를 스팀 밀크와 섞어 휘핑크림으로 마무리한 음료로 달콤함과 강렬한 에스프레소가 부드럽게 어우러진 커피', '스타벅스 돌체 라떼\n5,900\n스타벅스의 다른 커피 음료보다 더욱 깊은 커피의 맛과 향에 깔끔한 무지방 우유와 부드러운 돌체 시럽이 들어간 음료로 달콤하고 진한 커피 라떼', '자바 칩 프라푸치노\n6,300\n커피, 모카 소스, 진한 초콜릿 칩이 입안 가득 느껴지는 스타벅스에서만 맛볼 수 있는 프라푸치노', '망고 바나나 블렌디드\n6,300\n(Grande Only) 달콤한 망고 패션 프루트 주스에\n바나나 1개가 통째로 들어간 신선한 블렌디드', '아이스 자몽 허니 블랙 티\n5,700\n새콤한 자몽과 달콤한 꿀이 깊고 그윽한 풍미의 스타벅스 티바나 블랙 티의 조화', '자몽 허니 블랙 티\n5,700\n새콤한 자몽과 달콤한 꿀이 깊고 그윽한 풍미의 스타벅스 티바나 블랙 티의 조화', '콜드 브루\n4,900\n스타벅스 바리스타의 정성으로 탄생한 콜드 브루!\n\n콜드 브루 전용 원두를 차가운 물로 추출하여 한정된 양만 제공됩니다.\n깊은 풍미의 새로운 커피 경험을 즐겨보세요.', '', '', '', '']"
경성상회 방배점,서울 서초구 방배천로 12-3 (우)06693,매일 16:30 ~ 04:30,,070-7576-1888 대표번호,[],"['날개\n3,500', '다리살\n3,500', '염통\n3,500', '연어 샐러드\n16,000', '토마토 샐러드\n9,000']"
지금보고싶다 이수점,서울 동작구 동작대로27가길 26 (우)07008,매일 17:00 ~ 07:00,,,[],"['보고싶다 플레이트1\n21,900\n담양숯불갈비+감바스+모둠튀김', '보고싶다 플레이트2\n19,900\n순살치킨+과일+모둠튀김', '담양숯불갈비\n17,000', '보고싶다 감바스\n15,000', '신당동 명량 떡볶이\n14,000']"
바르미샤브샤브n칼국수 사당점,서울 서초구 방배천로 11 파스텔씨티 2층 202-2호 (우)06693,매일 11:00 ~ 22:00,02-597-1155,#스시뷔페 #점심식사 #회식장소 #제로페이,"['#스시뷔페', '#점심식사', '#회식장소', '#제로페이']","['소고기샤브샤브\n13,800\n평일점심', '소고기샤브샤브\n15,800\n평일 저녁,주말,공후일', '한우샤브샤브\n18,000\n평일점심', '한우샤브샤브\n19,800\n평일 저녁,주말,공후일']"
모녀당,서울 서초구 방배천로2안길 110 102호 (우)06677,"월,화,일요일
닫기",,010-2104-2009 대표번호,[],"['클래식 휘낭시에\n2,800', '무화과 휘낭시에\n3,000', '코코넛 휘낭시에\n3,000']"
흑산도홍탁,서울 서초구 방배천로 44 (우)06691,"매일 16:00 ~ 02:00
닫기",02-523-9915,#노포 #친목모임 #코스요리 #제로페이,"['#노포', '#친목모임', '#코스요리', '#제로페이']","['홍어회 (소)\n55,000', '홍어삼합 (소)\n55,000', '홍어찜\n45,000', '홍어무침\n35,000', '홍어탕\n35,000']"
메종엠오 방배본점,서울 서초구 방배로26길 22 1층 (우)06588,"월,화,수요일
닫기",,070-4239-3335 대표번호,[],"['커피\n4,000', '아이스커피\n4,500', '카페오레\n4,500', '아이스 카페 오레\n5,000', '홍차\n4,000']"
미스사이공 이수점,서울 서초구 동작대로 108 디오슈페리움2 1층 102호 (우)06568,매일 11:00 ~ 22:00,,02-533-0420 대표번호,[],"['소고기 쌀국수\n4,200', '사이공 볶음면\n4,200', '사이공 봉\n3,900', '숯불덮밥\n4,500', '스파이시 치킨덮밥\n6,000']"
고반식당 이수역점,서울 동작구 동작대로27가길 15 1층 (우)07008,매일 16:00 ~ 23:00,02-6951-3662,#회식장소 #제로페이,"['#회식장소', '#제로페이']","['숙성생삼겹\n15,000', '숙성생목살\n15,000', '돈치맛살\n16,000', '등심덧살\n16,000', '돈안창\n15,000']"
홍두깨손칼국수,서울 동작구 동작대로29나길 10 (우)06997,매일 11:00 ~ 20:00 (수제비는 15시~17시 사이에만 주문 가능),,,[],"['손칼국수\n5,000', '손수제비\n5,000', '잔치국수\n3,000']"
바른황소곱창,서울 동작구 동작대로7길 4 (우)07015,"화요일
닫기",010-5050-8684,#사당곱창 #사당곱창대창막창 #사당맛집 #사당소곱창 #사당소곱창맛집 #제로페이,"['#사당곱창', '#사당곱창대창막창', '#사당맛집', '#사당소곱창', '#사당소곱창맛집', '#제로페이']","['모듬곱창 (250)\n22,000']"
아구랜드 방배점,서울 서초구 서초대로 68 (우)06673,매일 11:00 ~ 23:00,02-597-1959,#친목모임 #제로페이,"['#친목모임', '#제로페이']","['아구샤브샤브(기본)\n35,000', '아구찜(기본)\n35,000', '아구샤브샤브(대)\n55,000', '아구찜(대)\n55,000', '새우소금구이(10마리)\n15,000']"
미사키혼술 이수본점,서울 동작구 동작대로25길 24 1층 (우)07008,"월~토 16:00 ~ 02:00
닫기",02-535-2786,#가성비좋은 #오뎅바 #코스요리 #혼술,"['#가성비좋은', '#오뎅바', '#코스요리', '#혼술']","['참치사시미 (1-2인)\n25,000', '히라메고노와다\n30,000', '문어숙회\n22,000', '육회\n22,000', '차돌숙주볶음\n17,000']"
계림닭한마리,서울 동작구 사당로30길 103 (우)07015,매일 10:00 ~ 22:00,02-3486-7766,#안심식당 #건강식 #점심식사 #제로페이,"['#안심식당', '#건강식', '#점심식사', '#제로페이']",[]
릿 잇 타미,서울 서초구 방배천로2안길 31 1층 (우)06692,"월~토 11:30 ~ 22:00
월~금 휴게시간 15:00 ~ 17:00
닫기",,"02-525-1976 대표번호
더보기",[],"['CLASSIC AMERICAN CHEESE\n9,900\n기본에 충실한 클래식 아메리칸 치즈버거', ""추천\nTOMMY'S SIGNATURE NO.1\n10,900\n먹물 번, 소고기 패티, 아메리칸 치즈, 그릴드 어니언, 겨자채, 피클, 베이컨, 아보카도"", ""추천\nTOMMY'S SIGNATURE NO.2\n10,900\n브리오쉬 번, 소고기 패티, 아메리칸 치즈, 그릴드 어니언, 겨자채, 피클, 베이컨, 계란 프라이"", 'BLACK SPICY BURGER\n12,900\n먹물 번, 소고기 패티, 아메리칸 치즈, 그릴드 어니언, 할라피뇨, 치폴레 소스, 레드페퍼, 파마산 치즈', 'LIT IT CHICKEN BURGER\n11,900\n브리오쉬 번, 치킨텐더, 콘슬로우, 치폴레 소스', 'DOUBLE FULLY LOADED BURGER\n16,900\n브리오쉬 번, 더블 소고기 패티, 더플 아메리칸 치즈, 그릴드 어니언, 겨자채, 피클, 베이컨, 계란 프라이', 'FRENCH FRIES\n6,800\n까놀라유에 바삭하게 튀긴 감자튀김', 'DOUBLE CHEEDAR CHEESE FRIES\n8,800\n체다치즈 파우더와 체다치즈 소스로 맛을 낸 감자튀김', 'SPICY FRIES\n8,800\n치폴레 아이올리 소스가 토핑된 매운맛을 느낄 수 있는 감자튀김', 'TRUFFLE PARMESAN FRIES\n8,800\n트러플 아이올리 오일과 파마산 치즈가 올라간 감자튀김', 'SWEET POTATO FRIES\n10,800\n꿀소스와 함께 하는 달콤한 맛의 고구마 프라이']"
권참치 사당점,서울 동작구 사당로30길 142 2층 (우)07015,"월~토 16:00 ~ 01:00
닫기",02-597-7080,#안심식당 #데이트코스 #친목모임 #코스요리 #회식장소 #제로페이,"['#안심식당', '#데이트코스', '#친목모임', '#코스요리', '#회식장소', '#제로페이']",[]
육갑식당 방배본점,서울 서초구 방배중앙로 166 1층 (우)06557,"월~금 15:00 ~ 24:00
닫기",,02-596-9292 대표번호,[],[]
미구,서울 서초구 방배천로4길 15-3 (우)06692,월~토 18:00 ~ 03:00,,010-9155-4069 대표번호,[],"['가지\n4,000', '낙지꼬치\n3,000', '베이컨새송이\n3,500', '삼겹꽈리말이\n3,000', '치즈떡꼬치\n4,000']"
할리스 이수역점,서울 동작구 동작대로 83 헤라피스빌딩 1층 (우)07013,"월~금 08:00 ~ 02:00
닫기",,02-588-4845 대표번호,[],"['샤인머스캣 봉봉 스무디\n6,800\n상큼하고 청량한 샤인머스캣 스무디에 샤인머스캣 구슬 아이스크림을 토핑한 스무디', '토마토 통통 주스\n6,500\n신선한 토마토를 그대로 갈아 만든 주스에 토마토를 듬뿍 토핑한 생과일 주스', '키위 생생 주스\n6,500\n신선한 키위를 그대로 갈아 만든 주스에 키위를 듬뿍 토핑한 생과일 주스', '딸기 크럼블 쏘스윗박스\n6,500\n상큼한 베리필링과 부드러운 크림치즈 무스에 고소한 크럼블이 어우러지는 케이크', '트리플 초코 케이크\n5,900\n밀크, 다크, 화이트 3가지 초콜릿 맛을 즐길 수 있는 달콤한 초코 무스 케이크', '트리플 베리 생크림\n5,900\n부드러운 생크림과 달콤한 딸기가 샌딩된 케이크 위에 블루베리와 크랜베리를 토핑한 케이크', '딸기 크럼블 쏘스윗박스 파티팩\n39,000\n상큼한 베리필링과 부드러운크림치즈 무스에 고소한 크럼블이 어우러지는 홀케이크', '시그니처 델리 세트\n20,100\n소프트 잠봉뵈르 1 + 햄치즈 스크램블 토스트 1 + 카페아메리카노 1 + 카페라떼 1']"
책그리고,서울 서초구 방배천로 132 (우)06569,"월~금 09:00 ~ 21:00
닫기",,070-4001-9587 대표번호,[],[]
기꾸참치,서울 동작구 남부순환로271길 14 2층 (우)07025,매일 14:00 ~ 22:30,02-3486-3737,#친목모임 #코스요리 #회식장소 #제로페이,"['#친목모임', '#코스요리', '#회식장소', '#제로페이']","['기꾸참치 미 (1인)\n50,000', '기꾸참치 선 (1인)\n62,000', '기꾸참치 진 (1인)\n75,000', '기꾸참치 스페셜 (1인)\n75,000', '실장스폐셜 (1인)\n110,000']"
이수산더미,서울 동작구 사당로 307-12 1층 (우)07008,월~토 11:30 ~ 23:00,02-536-4788,#술한잔하기좋은 #점심특선 #친목모임 #회식장소,"['#술한잔하기좋은', '#점심특선', '#친목모임', '#회식장소']","['산더미 물 갈비(1인)\n17,000\n2인 이상', '산더미 소 불고기(1인)\n15,000\n2인 이상', '이수 오징어 불고기(1인)\n11,000\n2인 이상', '이수 오삼 불고기(1인)\n13,000\n2인 이상', '이수 생고기 손 김치 두루치기(1인)\n9,000\n2인 이상']"
정애맛담,서울 동작구 동작대로29나길 10 1층 (우)06997,매일 06:00 ~ 19:30 (또는 20:00),,02-592-9096 대표번호,[],[]
원조추어탕,서울 동작구 동작대로33가길 4 (우)06996,매일 09:30 ~ 21:30,02-537-9944,#이동약자접근 #제로페이,"['#이동약자접근', '#제로페이']",[]
맛집부추곱창 사당점,서울 서초구 방배천로2길 37 (우)06693,"매일 14:00 ~ 23:00
닫기",02-583-4993,#제로페이,['#제로페이'],"['모듬곱창 (250g)\n24,000', '순곱창 (250g)\n25,000', '마늘곱창 (250g)\n27,000', '대창 (250g)\n24,000', '막창 (250g)\n24,000']"
샘골참숯불막창구이,서울 서초구 방배천로16길 21 (우)06677,"월~토 15:00 ~ 01:00
닫기",02-581-5592,#제로페이,['#제로페이'],"['특양(소) (150g)\n23,000', '소막창 (150g)\n15,000', '돼지막창 (150g)\n13,000', '소갈비살 (150g)\n15,000', '돼지껍데기 (150g)\n9,000']"
고흥이모네전집,서울 동작구 동작대로7길 24 (우)07015,매일 00:00 ~ 24:00,010-2330-5486,#제로페이,['#제로페이'],"['모듬전\n20,000', '소고기육전\n18,000', '굴전\n18,000', '동태전\n15,000', '김치전\n13,000']"
솔라스,서울 서초구 방배천로18길 26 (우)06677,"화요일
닫기",070-8809-7711,#베이커리카페 #소개팅 #카카오페이 #제로페이,"['#베이커리카페', '#소개팅', '#카카오페이', '#제로페이']","['쪽파크로아상\n2,800', '치즈타르트\n2,400', '마늘바게트\n4,000', '스세지파이\n3,200', '크런치롤치즈\n3,500']"
방배반점,서울 서초구 방배천로16길 4 1층 (우)06677,"월~토 11:00 ~ 21:00
월~토 휴게시간 15:00 ~ 17:00
닫기",070-4007-1893,#혼밥 #제로페이,"['#혼밥', '#제로페이']","['멘보샤\n38,000\n3일전예약', '짜장면\n7,000', '삼선짬뽕\n10,000', '새우볶음밥\n9,900', '탕수육\n23,000', '류산슬\n33,000', '어향동고\n40,000', '망고크림새우\n28,000', '굴탕면\n12,000']"
페이브 방배점,서울 서초구 서초대로25길 32 엠아이빌딩 1층 (우)06586,매일 09:00 ~ 22:00,,070-4441-0166 대표번호,[],"['아메리카노\n4,000', '카페라떼\n4,500', '블랙 밀크티\n5,500', '오렌지 망고 티-주스 (ICE)\n6,000', '바닐라빈 라떼\n5,500']"
72420 사당본점,서울 동작구 동작대로1길 50 1층 (우)07025,"매일 11:30 ~ 22:00
닫기",02-588-2420,#데이트코스 #점심식사 #혼밥 #제로페이,"['#데이트코스', '#점심식사', '#혼밥', '#제로페이']","['안심양지쌀국수 (M)\n8,500', '72420매운쌀국수 (M)\n9,500', '왕갈비쌀국수 (한정메뉴)\n13,000', '새우볶음밥 (M)\n8,000', '소고기볶음밥 (M)\n8,500', '소고기분짜\n13,000']"
카페좋아진다,서울 동작구 사당로26길 87 1층 (우)07015,"월~토 10:00 ~ 21:00
닫기",,02-812-0222 대표번호,[],"['아메리카노\n3,500', '카페라떼\n4,000', '카푸치노\n4,000', '카페모카\n4,500', '바닐라라떼\n4,500']"
버거307 이수점,서울 서초구 방배천로18길 16 (우)06677,매일 11:00 ~ 24:00,,02-588-0307 대표번호,[],"['301 HOTDOG\n4,700', '305 PINEAPPLE\n6,700', '307 BACON\n6,700', 'LADY BURGER\n5,700', 'SHRIMP BURGER\n6,700']"
동명 IZAKAYA,서울 관악구 남현1길 42 남현빌딩 4층 (우)08806,"월~목 16:00 ~ 24:00
닫기",,02-522-8227 대표번호,[],"['사시미 모리아와세 中\n40,000', '오늘의 사시미\n30,000', '모듬 초회\n38,000', '갑오징어 초회\n25,000', '소고기타다끼\n22,000', '메로 야끼\n25,000', '치킨가라아게\n18,000', '에비깡\n16,000', '해물 짬뽕나베\n24,000', '오뎅탕\n18,000', '나가사키 짬뽕\n19,000']"
설빙 이수역점,서울 동작구 동작대로27가길 12 2층 (우)07008,매일 11:00 ~ 23:00,,070-4255-7575 대표번호,[],"['인절미설빙', '인절미토스트', '블루베리치즈설빙', '치즈설빙', '블루베리요거트스무디', '티라미수 설빙', '딸기치즈메론설빙', '리얼통통메론설빙', '요거통통메론설빙', '팥인절미설빙', '애플망고치즈설빙']"
바이젠하우스 서울 방배1호점,서울 서초구 동작대로 22 (우)06692,매일 16:00 ~ 02:00,02-588-7782,#데이트코스 #분위기좋은 #수제맥주 #친목모임 #피맥 #회식장소 #제로페이,"['#데이트코스', '#분위기좋은', '#수제맥주', '#친목모임', '#피맥', '#회식장소', '#제로페이']","['고르곤졸라피자\n13,500', '스윗&핫소스치킨타코 (2ea)\n8,000', '오리지널브리또\n9,800', '리코타카프레제샐러드\n13,000', '반건조버터오징어\n13,000']"
100족발,서울 동작구 사당로30길 154 (우)07025,"화~일 12:00 ~ 24:00
닫기",,02-522-9293 대표번호,[],[]
7%칠백식당 방배직영점,서울 서초구 방배로27길 12 (우)06572,"월~토 17:00 ~ 23:00
닫기",,02-534-0705 대표번호,[],"['칠백한우모듬 (150g)\n34,000', '칠백한우육사시미 (200g)\n29,000', '곤드레밥\n2,000', '짱아찌국수\n5,000', '등심 150그람\n34,000', '안심 150그람\n34,000', '된장찌개\n2,000']"
군선생 이수역9번출구점,서울 동작구 동작대로23길 17 (우)07013,"매일 17:00 ~ 05:00
닫기",,02-588-9672 대표번호,[],"['숯불모둠꼬치(16pc)\n27,800', '숯불연어구이\n16,800', '숯불고등어구이\n14,800', '숯불고삼구이\n20,800', '숯불갈치구이\n21,800']"
떡마당떡집,서울 서초구 방배로23길 22 (우)06672,"매일 09:00 ~ 19:00
닫기",02-523-0260,#아침식사 #제로페이,"['#아침식사', '#제로페이']",[]
엔터하츠,서울 서초구 동광로 11 빈센트빌딩 1층 (우)06560,"매일 08:00 ~ 22:00
닫기",,02-6402-1080 대표번호,[],"['따끈한귤주스\n4,000', '자몽주스\n4,500', '딸기티 (HOT)\n4,000', '레몬티 (HOT)\n3,500', '오!사과 쥬스\n4,800']"
남산터 이수점,서울 서초구 동작대로 68 1층 (우)06677,매일 00:00 ~ 24:00,,,[],[]
은연가 사당2호점,서울 동작구 동작대로23길 31 1층 (우)07013,매일 11:00 ~ 24:00,070-4224-2243,#친목모임 #혼밥 #제로페이,"['#친목모임', '#혼밥', '#제로페이']","['삼합+누룽지탕\n35,000', '보쌈 (중) +누룽지탕\n23,000', '홍어회+누룽지탕\n23,000', '보쌈김치전골\n23,000', '홍어무침\n20,000']"
북경양꼬치,서울 동작구 동작대로27길 32 1층 (우)07008,"매일 10:00 ~ 24:00
닫기",02-591-7082,#친목모임,['#친목모임'],"['어린 양 왕꼬치(5EA)\n18,000', '소고기 꼬치(10EA)\n15,000', '지삼선\n18,000', '마라대하\n22,000', '건두부 무침\n12,000']"
맛집곱창구이,서울 서초구 방배천로2안길 23 1층 (우)06692,"월~토 14:00 ~ 24:00
닫기",,02-521-9667 대표번호,[],"['추천\n마늘곱창 (1인분)\n28,000\n아니!? 곱창안에 마늘이?? 각종 메스컴 극찬한 시그니처 마늘곱창. 일일한정메뉴', '추천\n모듬곱창 (1인분)\n26,000\n대창도 먹고싶고, 곱창도 먹고싶고, 막창도 먹고싶고, 특양구이도 먹고싶고, 염통도 먹고싶을 땐 모듬이지! 그램수에 맞게 적당히 섞인 모듬곱창!', '볶음밥\n3,000\n역시 마무리는 김치 볶음밥!!', '황소곱창 (1인분)\n27,000\n난 오로지 곱창파!! Only 곱창만 먹고싶을 땐 황소곱창!!', '대창구이 (1인분)\n25,000\n요즘은 대창이 인기지~겉바속촉을 느끼고 싶다면 대창!!', '막창구이 (1인분)\n25,000\n꼬들꼬들~ 막창만한 술안주도 없지!!', '특양구이 (1인분)\n27,000\n말랑말랑 꼬들꼬들 ~특양구이가 이렇게 맛있나?', '염통구이 (1인분)\n16,000\n역시 내장육의 에피타이저~염통~음~!']"
탐나종합어시장 이수역점,서울 동작구 동작대로 141 1층 (우)06997,매일 11:00 ~ 03:00,,02-593-0111 대표번호,[],"['광우세트\n33,000', '광우연\n45,000', '물회\n30,000', '홍게\n35,000']"
너땜에한잔,서울 서초구 방배천로2안길 23 (우)06692,매일 17:00 ~ 02:00,02-588-4045,#데이트코스 #분위기좋은 #소개팅 #친목모임 #피맥 #회식장소 #제로페이,"['#데이트코스', '#분위기좋은', '#소개팅', '#친목모임', '#피맥', '#회식장소', '#제로페이']",[]
방배한가람김밥,서울 동작구 동작대로7길 55 (우)07025,"월~금 06:00 ~ 20:00
닫기",02-585-7280,#혼밥 #제로페이,"['#혼밥', '#제로페이']","['유부김밥\n4,000', '햄김밥\n4,000', '참치김밥\n5,000', '매실김밥\n5,500', '쇠고기김밥\n5,000', '진미김밥\n4,500', '맛살김밥\n4,000', '김치김밥\n4,500', '치즈김밥\n4,500', '얼큰이김밥\n4,500', '멸치김밥\n4,500', '모듬김밥\n5,500', '우엉김밥\n4,000']"
일상다반사,서울 동작구 동작대로25길 60-1 (우)07008,매일 11:00 ~ 22:30,,,[],"['달콤한 아몬드 아메리카노\n4,000', '라떼\n4,000', '카푸치노\n4,000', '바닐라라떼\n4,500', '캬라멜라떼\n4,500', '헤이즐넛\n4,500', '메이플라떼\n4,500', '아몬드라떼\n4,500', '아이스 콩 라떼\n4,500', '모카\n4,500', '캬라멜 마끼아또\n5,000', '핫바닐라\n4,000', '아이스바닐라\n4,000', '핫초코\n4,500', '아이스초코\n4,500', '그린티 라떼\n4,500', '얼음 동동 미숫가루\n4,500', '베리베리 요거트\n5,500', '유자에이드\n4,500', '레모네이드\n5,000', '오미자에이드\n5,000', '', '', '', '', '', '', '', '', '', '', '', '', '']"
참치마니아,서울 동작구 동작대로7길 12 2층 (우)07015,"매일 16:00 ~ 23:00
닫기",02-582-3737,#안심식당 #참치무한리필 #친목모임 #코스요리 #회식장소 #제로페이,"['#안심식당', '#참치무한리필', '#친목모임', '#코스요리', '#회식장소', '#제로페이']",[]
신용산감자탕,서울 동작구 동작대로23길 17 2층 (우)07013,"월~토 11:30 ~ 22:00
월~토 휴게시간 15:00 ~ 17:00",010-2117-4100,#제로페이,['#제로페이'],"['감자탕(소/2인)\n28,000\n끓이면서 드시는 전골입니다. 직접 반죽한 수제비가 무제한 제공 됩니다.', '감자탕(중/3인)\n35,000\n끓이면서 드시는 전골입니다. 직접 반죽한 수제비가 무제한 제공 됩니다.', '감자탕(대/4인)\n42,000\n끓이면서 드시는 전골입니다. 직접 반죽한 수제비가 무제한 제공 됩니다.', '뼈해장국(고기많이)\n9,000\n큰뼈2개가 들어갑니다. 감자슬라이스와 약간의 우거지가 포함됩니다.', '반반해장국\n9,000\n우거지를 좋아하시는 분들께 추천드립니다. 뼈1개와 넉넉한 우거지가 포함됩니다.', '국내산 김치전\n12,000\n개인적으로 눅눅한 전을 좋아하지 않습니다. 그래서 최대한 바삭하게 만들어 드리겠습니다.']"
일미옥,서울 서초구 서초대로19길 10-21 (우)06573,"월~토 11:00 ~ 21:40
월~토 휴게시간 15:00 ~ 17:00
닫기",02-533-7199,#혼밥 #제로페이,"['#혼밥', '#제로페이']","['콩국수\n10,000', '곰국시\n9,000', '소고기보신탕\n10,000', '소고기보신탕 (특)\n12,000', '돈까스\n9,000', '소고기보신탕전골 (대)\n55,000', '소고기보신탕전골 (중)\n42,000', '해물갈비찜 (대)\n55,000', '해물갈비찜 (중)\n42,000', '수비드보쌈 (대)\n42,000', '수비드보쌈 (중)\n35,000', '곤드레전병\n7,000', '왕만두\n7,000']"
이수족발,서울 서초구 방배천로4길 42 (우)06693,매일 12:00 ~ 23:00,02-534-0303,#친목모임 #회식장소 #제로페이,"['#친목모임', '#회식장소', '#제로페이']","['족발 (중)\n32,000', '쟁반막국수 (중)\n10,000', '사발막국수\n6,000', '해물파전\n15,000', '순두부찌개\n6,000']"
심비디움2 사당점,서울 서초구 방배천로 11 5층 (우)06693,"매일 11:30 ~ 22:00
월~금 휴게시간 15:30 ~ 17:30",02-521-3901,#스시뷔페 #시푸드뷔페,"['#스시뷔페', '#시푸드뷔페']","['평일점심\n40,800\n11:30~15:30', '평일저녁\n44,800\n17:30~22:00', '주말,공휴일\n44,800\n11:30~22:00', '초등학생\n29,800', '미취학(4~7세)\n12,800']"
하노이별 사당점,서울 동작구 사당로30길 97 1층 (우)07015,"매일 11:00 ~ 21:00
닫기",,02-6326-7470 대표번호,[],"['생소고기 쌀국수 (M)\n10,000', '소고기 쌀국수 (M)\n10,000', '하노이 국밥\n11,000', '분짜\n14,000', '씨즐링 새우\n15,000', '새우덮밥\n12,500', '파인애플 볶음덮밥\n12,000', '하노이\n6,500', '사이공\n6,500']"
원양참치,서울 서초구 방배천로 60 (우)06677,,,,[],[]
KFC 이수역점,서울 서초구 동작대로 114 유문빌딩 1층 (우)06568,매일 10:00 ~ 23:00,,02-532-2622 대표번호,[],"['뉴갓쏘이블랙라벨치킨 8조각\n25,200\n닭다리 통 순살 치킨과 입안 가득 느껴지는 간장의 감칠맛! 중독적인 뉴갓쏘이블랙라벨치킨', '뉴갓쏘이블랙라벨치킨 5조각\n16,200\n닭다리 통 순살 치킨과 입안 가득 느껴지는 간장의 감칠맛! 중독적인 뉴갓쏘이블랙라벨치킨', '뉴갓쏘이블랙라벨치킨 3조각\n9,900\n닭다리 통 순살 치킨과 입안 가득 느껴지는 간장의 감칠맛! 중독적인 뉴갓쏘이블랙라벨치킨', '뉴갓쏘이블랙라벨치킨 1조각\n3,400\n닭다리 통 순살 치킨과 입안 가득 느껴지는 간장의 감칠맛! 중독적인 뉴갓쏘이블랙라벨치킨', '에그징거더블다운박스\n12,500\n징거더블다운맥스의 업그레이드 버전! 닭가슴살 필렛 2장에 에그후라이까지 단백질이 가득\n구성 : 에그징거더블다운+블랙라벨치킨+케이준후라이(M)+콜라(M)', '에그징거더블다운세트\n10,500\n징거더블다운맥스의 업그레이드 버전! 닭가슴살 필렛 2장에 에그후라이까지 단백질이 가득\n구성 : 에그징거더블다운+케이준후라이(M)+콜라(M)', '청포도에이드\n2,900\n상큼한 청포도와 청량한 탄산의 조화! 청포도에이드!', '리치캐모마일에이드\n2,900\n풍미 가득 캐모마일과 달콤한 리치의 조화! 리치캐모마일에이드!']"
돼지굴뚝,서울 동작구 동작대로25길 51 (우)07008,,,,[],"['껍데기\n10,000', '갈매기\n10,000', '항정살\n10,000', '목살\n10,000']"
상도늘보리 이수점,서울 동작구 동작대로31길 3 (우)06997,,,,[],[]
헝그리곰바,서울 서초구 방배천로4안길 61 1층 101호 (우)06677,"매일 11:30 ~ 22:00
월~금 휴게시간 15:30 ~ 17:30
닫기",02-6397-5959,#방배라멘 #방배맛집 #방배치킨 #사당라멘 #사당맛집 #혼밥,"['#방배라멘', '#방배맛집', '#방배치킨', '#사당라멘', '#사당맛집', '#혼밥']","['추천\n가라아게동\n9,000\n전날 직접 염지한 닭을 깨끗한 기름에 튀겨 밥 위에 올린 푸짐한 닭튀김 덮밥', '추천\n쇼유라멘 + 가라아게3pcs\n9,000\n곰바사장이 매일 아침 직접 우린 닭육수 베이스의 닭민찌가 올라간 간장라멘', '시오라멘 + 가라아게3pcs\n9,000\n닭육수와 두번 구운 신안 천일염을 베이스로 버터를 이용해 맛을 낸 깔끔한 소금라멘', '나가사키 짬뽕 + 가라아게3pcs\n9,500\n돼지와 닭육수를 베이스로 잡아낸 깔끔한 일본식 짬뽕', '곰바동(고기200g)\n9,000\n국내산 돼지고기 200g에 곰바가 애정하는 미소로 맛을 낸 매콤한 일본식 중화 제육 덮밥', '가라아게\n13,000\n전날 직접 염지한 닭을 깨끗한 기름에 튀겨 만든 곰바사장님의 최애 안주!!', '튀김만두(8pcs)\n5,500\n아삭한 양배추 샐러드와 함께 곁들여 먹는 중화풍 튀김만두', '마늘 가라아게\n15,000\n곰바 사장의 시그니처 가라아게에 새콤달콤한 마늘 소스를 곁들인 마늘 치킨']"
마포집,서울 동작구 동작대로27길 6 (우)07008,매일 00:00 ~ 24:00,02-591-9247,#안심식당 #점심식사 #제로페이,"['#안심식당', '#점심식사', '#제로페이']",[]
소문난순대국,서울 동작구 동작대로29나길 38 (우)06997,일요일,,,[],"['순대국밥\n8,000', '따로국밥\n9,000', '술국\n12,000', '머리고기\n10,000', '모듬\n23,000']"
문어가,서울 동작구 동작대로27가길 46-5 (우)07008,"월~토 07:00 ~ 21:00
닫기",,,[],"['리코야끼+라코가리아게\n15,000\n문어튀김', '돌문어2인간세트\n26,000', '돌문어3~4인용\n50,000', '타코와사비\n10,000', '통영꽃멍게\n15,000']"
미국식,서울 서초구 동광로24길 50 지니빌 1층 (우)06586,"월~토 11:30 ~ 21:00
월~토 휴게시간 15:00 ~ 17:30
닫기",,010-9337-8914 대표번호,[],"['추천\nBust burger\n12,900\n72시간 숙성 토시살 스테이크 버거', 'tater tots\n3,900']"
빈빈양꼬치,서울 동작구 남부순환로271길 31 (우)07025,"매일 14:00 ~ 02:00
닫기",,02-886-0108 대표번호,[],"['고급양갈비\n18,000', '빈빈양갈비\n18,000', '양꼬치 (1인분)\n12,000', '양꼬치 (매운맛) (1인분)\n12,000', '마라쇼룽샤 (소)\n35,000']"
종로곱창,서울 동작구 동작대로29길 13 (우)07008,일요일,02-533-0869,#제로페이,['#제로페이'],"['명불허전 곱창볶음\n11,000\n2인분이상', '만인의 닭갈비\n11,000\n2인분이상']"
진코다리와황태,서울 동작구 동작대로29가길 23-2 (우)06997,,,,[],"['녹두전복닭죽\n10,000\n계절메뉴', '동태탕(대)\n32,000', '동태탕(중)\n24,000', '동태탕(소)\n16,000', '생태탕(대)\n40,000', '생태탕(중)\n35,000', '생태탕(소)\n25,000', '황태울금구이정식\n10,000', '황태된장구이정식\n10,000', '황태매운구이정식\n10,000', '코다리구이정식\n10,000', '낙지볶음(대)\n35,000', '낙지볶음(중)\n30,000', '낙지볶음(소)\n25,000', '아귀해물찜(대)\n65,000', '아귀해물찜(중)\n55,000', '아귀해물찜(소)\n45,000', '아귀해물탕(대)\n65,000', '아귀해물탕(중)\n55,000', '아귀해물탕(소)\n45,000']"
행복한맥주,서울 동작구 동작대로27길 49 (우)07008,매일 17:00 ~ 01:00,02-6205-1443,#간맥 #세계맥주 #수제맥주 #술한잔하기좋은 #혼술,"['#간맥', '#세계맥주', '#수제맥주', '#술한잔하기좋은', '#혼술']","['행복한 세트B (2-3인용)\n13,000', '소시지 세트\n7,500', '버터오징어 세트\n7,500', '부드러운 한치\n15,000', '빠삭태 (바삭한식감의 먹태)\n10,000']"
버거킹 사당역점,"서울 동작구 동작대로 21 양지빌딩 1,2층 (우)07015","매일 00:00 ~ 24:00
닫기",,02-583-0332 대표번호,[],"['스모키 바비큐 몬스터 세트\n13,500\n진한 훈연향과 불맛의 끝판왕 스모키바비큐, 바삭하게 튀긴 치킨패티까지 더해진 강력한 조합', '스모키 바비큐 와퍼 세트\n12,000\n진한 훈연향과 불맛의 끝판왕, 스모키 바비큐 와퍼', '치킨킹BLT 세트\n10,900\n스파이시한 통닭다리살 프리미엄 치킨버거에 베이컨, 양상추, 토마토를 더했다.', '몬스터와퍼 세트\n12,200\n불맛 가득 순쇠고기, 치킨, 베이컨에 화끈한 디아블로 소스의 압도적인 맛\n\n\n딜리버리 서비스 메뉴의 가격은 매장 가격과 상이할 수 있습니다.', '콰트로치즈와퍼 세트\n11,300\n콰트로치즈와퍼+프렌치프라이R+콜라R\n\n딜리버리 서비스 메뉴의 가격은 매장 가격과 상이할 수 있습니다.', '더블비프불고기버거 세트\n7,900\n달콤한 불고기 소스에 더블 패티로 더욱 깊어진 감칠맛', '콰트로 맥시멈…이하생략 3 세트\n18,000\n100% 순쇠고기 패티 3장에 네 가지 치즈까지 더한 압도적인 녀석이 나타났다.', '콰트로 맥시멈…이하생략 4 세트\n20,000\n100% 순쇠고기 패티 4장에 네 가지 치즈까지 더한 압도적인 녀석이 나타났다.', '기네스콰트로치즈와퍼 세트\n12,200\n기네스콰트로치즈와퍼+프렌치프라이R+콜라R\n\n\n딜리버리 서비스 메뉴의 가격은 매장 가격과 상이할 수 있습니다.', '기네스와퍼 세트\n12,200\n기네스와퍼+프렌치프라이R+콜라R\n\n\n딜리버리 서비스 메뉴의 가격은 매장 가격과 상이할 수 있습니다.', '통새우와퍼세트\n11,300\n통새우와퍼+콜라R+프렌치프라이R\n\n딜리버리 서비스 메뉴의 가격은 매장 가격과 상이할 수 있습니다.', '갈릭불고기와퍼 세트\n10,800\n갈릭불고기와퍼+프렌치프라이R+콜라R', '치즈와퍼세트\n11,100\n치즈와퍼 단품+프렌치프라이R+콜라R\n\n딜리버리 서비스 메뉴의 가격은 매장 가격과 상이할 수 있습니다.', '와퍼 세트\n10,500\n리얼 와퍼 + 프렌치프라이R + 콜라R\n\n딜리버리 서비스 메뉴의 가격은 매장 가격과 상이할 수 있습니다.', '불고기와퍼세트\n10,500\n불고기와퍼+프렌치프라이R+콜라R\n딜리버리 서비스 메뉴의 가격은 매장 가격과 상이할 수 있습니다.']"
당산오돌 사당점,서울 서초구 방배천로4길 18 (우)06693,"화~목 15:00 ~ 01:00
닫기",02-583-8250,#안심식당 #친목모임 #회식장소 #제로페이,"['#안심식당', '#친목모임', '#회식장소', '#제로페이']",[]
뚜레쥬르 사당시티점,서울 동작구 동작대로 79-1 시티빌딩 1층 (우)07013,,02-583-2688,#카카오페이 #제로페이,"['#카카오페이', '#제로페이']","['빵긋랜덤박스\n15,000\n빵굳(Bread Good)? 빵긋!! 매일매일 다양하게 제공되는 뚜레쥬르 랜덤빵으로 오늘도 행복한 미소를 !! *상기 이미지는 연출된 이미지이며,실제 주문시 배달 제품리스트 중 매장에 있는 다양한 제품들로 랜덤 구성됩니다. *수급 등의 문제로 원산지 일부가 변경될 수 있습니다. *제품구성교환은 불가능하며,요청사항에 작성할 경우에도 반영되지 않을 수있습니다.', 'BELT샌드위치\n6,900\n부드러운 우유식빵에 베이컨,에그,양상추,토마토가 들어간 후레쉬 샌드위치', '추억의 사라다고로케\n3,800\n바삭한 고로케속에 아삭아삭 맛있는 야채 사라다가 듬뿍 들어간 든든한 식사대용 빵', '그랑드카페 아이스아메리카노\n3,500\n뚜레쥬르만의 스페셜 고급원두를 적절한 비율로 블렌드 하여 커피 본연의 맛과 향을 살린 시원한 아메리카노 음료', '딸기와 우유생크림 2호\n34,000\n부드럽고 촉촉한 화이트시트에 풍부한 맛의 생크림과 상큼한 과일로 장식한 생크림 케이크(2호사이즈)\n*상기 이미지는 계절및매장에 따라 디자인이 변경될 수 있습니다.']"
포차노리,"서울 동작구 동작대로27다길 18 1, 2층 (우)07008",매일 17:00 ~ 06:00,02-534-6597,#데이트코스 #술한잔하기좋은 #친목모임 #회식장소,"['#데이트코스', '#술한잔하기좋은', '#친목모임', '#회식장소']","['육회+연어사시미\n35,000', '육회 낙지 탕탕이\n29,000', '차돌 숙주볶음\n15,000', '차돌 부추\n15,000', '차돌김치찌개\n18,000']"
일미가참치,서울 동작구 동작대로25길 16 3층 (우)07008,"매일 15:00 ~ 01:00
닫기",02-593-3788,#안심식당 #참치무한리필 #제로페이,"['#안심식당', '#참치무한리필', '#제로페이']",[]
용차이,서울 동작구 사당로30길 56 1층 (우)07014,"월~금 11:00 ~ 22:00
월~금 휴게시간 15:00 ~ 17:00
닫기",02-587-3986,#혼밥 #제로페이,"['#혼밥', '#제로페이']","['용차이 고기듬뿍육짬뽕\n9,500', '용차이 삼선짬뽕\n8,000', '용차이 짜장\n6,000', '옛날볶음밥\n8,000', '꿔바로우\n18,000']"
성민양꼬치,서울 서초구 방배천로2길 27 (우)06693,매일 17:00 ~ 05:00,02-583-8859,#친목모임,['#친목모임'],"['양꼬치 (1인분)\n14,000', '양갈비살꼬치 (1인분)\n18,000', '양갈비 (1인분)\n18,000', '고급양갈비 (1인분)\n22,000', '마파두부\n15,000', '지삼선\n15,000', '가지볶음\n15,000', '피단두부\n12,000', '건두부볶음\n12,000', '건두부무침\n12,000', '탕수육\n15,000', '경장육슬\n15,000', '어향육슬\n15,000', '깐풍기\n15,000', '통파육\n18,000', '고니볶음\n18,000', '수주육편\n15,000', '호남닭고기\n15,000', '호남중새우\n22,000', '깐풍새우\n20,000']"
유정오리닭한방백숙,서울 서초구 방배중앙로 87 1층 (우)06570,일요일,02-591-4796,,[],"['한방오리\n55,000', '옻오리\n55,000', '오리로스\n50,000', '한방닭백숙\n55,000', '삼겹살\n13,000']"
쩡곱도리탕,서울 동작구 사당로30길 140 (우)07015,"매일 11:30 ~ 22:30
매일 휴게시간 14:30 ~ 17:30",02-523-5989,#회식장소 #제로페이,"['#회식장소', '#제로페이']","['곱도리탕 (2인)\n25,000', '낙곱새 (2인)\n22,000', '닭도리탕 (2인)\n19,000', '낙곱새 (점심특선)(1인)\n8,000']"
롯데리아 이수역점,서울 동작구 동작대로 129 (우)06997,매일 00:00 ~ 24:00,,02-594-1199 대표번호,[],"['패밀리팩_콜라\n23,200\n불고기버거+모짜렐라인더버거 베이컨+데리버거\n+양념감자+치즈스틱+통오징어링+콜라1.25L(PET)', '더블팩_콜라\n15,800\n핫크리스피버거+불고기버거+치즈스틱+양념감자+PET콜라(1.25L)', '투게더팩_콜라\n14,200\n불고기버거+치킨버거+양념감자+모짜크림치즈볼+콜라1.25L(PET)', '더블한우불고기 버거\n12,400\n국내산 한우를 사용한 패티 2장 구성으로 육즙 가득!\n묵직한 육풍미를 특징으로 한 프리미엄 버거', '마라로드 비프\n6,900\n더블 비프패티의 풍성한 볼륨감과 육풍미에\n마라 소스로 다채로운 맛을 구현한 색다른 비프버거', '마라로드 치킨\n5,400\n두툼한 통다리살 치킨패티에\n강한 마라 소스로 맛을 낸 이색적인 치킨버거', '패밀리팩_사이다\n23,200\n불고기버거+모짜렐라인더버거 베이컨+데리버거\n+양념감자+치즈스틱+통오징어링+사이다1.25L(PET)', '마라로드 새우\n5,400\n새우살 가득한 새우패티에\n이색적인 마라 소스를 결합한 차별성 있는 새우버거', '더블팩_사이다\n15,800\n불고기버거+핫크리스피버거+양념감자+치즈스틱+PET사이다(1.25L)', '마라로드_새우\n5,400\n새우살 가득한 새우패티에\n이색적인 마라 소스를 결합한 차별성 있는 새우버거', '더블 클래식치즈버거\n6,900\n두 장의 패티가 이루는 조화로운 맛에\n든든함까지 추가된 더블 클래식치즈버거', '더블 치킨버거\n5,500\n두 장의 패티가 이루는 조화로운 맛에\n든든함까지 추가된 더블 치킨버거', '더블 데리버거\n4,500\n두 장의 패티가 이루는 조화로운 맛에\n든든함까지 추가된 더블 데리버거', '투게더팩_사이다\n14,200\n불고기버거+치킨버거+양념감자+모짜크림치즈볼+사이다1.25L(PET)', '전주 비빔라이스 버거\n6,900\n전주비빔밥을 담은 라이스번과 노른자가 터지는 반숙란, 달콤한 고추장소스가 어우러진 새로운 라이스버거', '힙&핫치킨버거\n6,500\n바삭한 치킨패티와 매콤한 양념소스,\n아삭한 적채당근피클로 식감과 풍미를 더한\n치킨버거', '한우트러플머쉬룸\n9,700\n양송이버섯이 들어있는 은은한 트러플 풍미의 크림 소스와\n한우 패티가 조화로운 새로운 타입의 프리미엄 버거', '한우불고기버거\n8,400\n브리오쉬번에 국내산 한우를 사용한 패티, 신선한 야채, 특제소스로 완성한 프리미엄 햄버거', '모짜렐라 인더 버거-베이컨\n7,400\n자연산 모짜렐라 치즈와 고소한 베이컨이 만나 풍부한 맛의 버거', '빅불버거\n7,100\n불고기패티 2장으로 더 진하고 더 커진 빅 불고기버거']"
품앗이,서울 동작구 동작대로27다길 41 (우)07008,매일 00:00 ~ 24:00,02-582-8487,#제로페이,['#제로페이'],"['세트1\n46,000\n김치만두전골+모듬전', '세트2\n39,000\n알탕+해물파전', '모듬전\n20,000', '굴전\n20,000', '해물누룽지탕\n20,000']"
이수면옥,서울 동작구 동작대로 123 (우)07008,매일 10:00 ~ 22:00,,,[],"['설렁탕\n9,000', '돼지불고기 (소)\n15,000', '회냉면\n10,000', '물냉면\n8,000', '비빔냉면\n8,000']"
백호양대창 이수점,서울 동작구 동작대로25길 30 1층 (우)07008,,,,[],"['소대창\n12,000', '소막창\n12,000', '한우소곱창\n19,000', '소특양\n19,000', '명란구이\n8,000']"
바다회세꼬시,서울 동작구 동작대로1길 10-16 (우)07025,매일 11:30 ~ 23:00,02-588-1650,#안심식당 #친목모임 #회식장소 #제로페이,"['#안심식당', '#친목모임', '#회식장소', '#제로페이']",[]
베이크샵 피봇,서울 서초구 방배로23길 5 1층 (우)06672,"화~일 08:00 ~ 18:00
닫기",,#비건베이커리 #비건카페 #비건푸드 #제로페이,"['#비건베이커리', '#비건카페', '#비건푸드', '#제로페이']",[]
고추찜닭 본점,서울 동작구 동작대로27가길 14 (우)07008,"매일 11:00 ~ 24:00
닫기",02-592-1125,#안심식당 #제로페이,"['#안심식당', '#제로페이']",[]
하늘을걷는고양이카페,서울 동작구 동작대로27길 15 서범빌딩 4층 (우)07008,매일 13:30 ~ 20:30,02-533-7647,#고양이카페 #제로페이,"['#고양이카페', '#제로페이']",[]
땡초우동 사당직영2호점,서울 동작구 사당로 280 (우)07013,,02-583-0907,#술한잔하기좋은 #친목모임 #제로페이,"['#술한잔하기좋은', '#친목모임', '#제로페이']","['눈꽃탕수육\n17,000', '땡초오돌뼈\n17,000', '땡초우동\n5,000', '땡초무뼈닭발\n17,000', '와사비크림새우\n16,000']"
태평아구찜,서울 동작구 사당로 307-14 1층 (우)07008,"월~토 12:00 ~ 22:00
닫기",02-3482-8588,#친목모임 #제로페이,"['#친목모임', '#제로페이']","['아구찜(중)\n35,000\n안매운맛/보통/약간매콤/매콤/아주매움', '메기매운탕(소)\n30,000\n안매운맛/보통/약간매콤/매콤/아주매움']"
곱분이곱창 이수점,서울 동작구 동작대로25길 37 (우)07008,"매일 16:00 ~ 02:00
닫기",,02-537-0092 대표번호,[],"['숯불직화곱창', '숯불직화모듬', '숯불직화막창', '숯불직화오돌뼈', '야채곱창', '알곱창', '순대곱창', '날치알볶음밥', '참치마요 주먹밥']"
피쉬퓨전회포차 사당점,서울 동작구 동작대로7길 7 (우)07015,매일 16:00 ~ 02:30,02-6085-2898,#제로페이,['#제로페이'],"['광어 세꼬시\n23,000', '우럭\n23,000', '연어\n25,000', '숭어\n25,000', '찬조개탕\n20,000']"
남오토코 방배점,서울 서초구 방배천로 22 (우)06692,"매일 17:00 ~ 02:00
닫기",,02-583-2848 대표번호,[],"['생연어 사시미\n29,000', '나가사키 짬뽕탕\n20,000', '돼지고기숙주볶음\n19,000', '오꼬노미야끼\n18,000', '치킨가라아게\n18,000']"
이태리상회,서울 동작구 사당로 245 1층 (우)07005,"매일 11:30 ~ 22:00
월~금 휴게시간 16:00 ~ 17:00",02-536-2221,#안심식당 #제로페이,"['#안심식당', '#제로페이']",[]
투썸플레이스 방배이수점,"서울 서초구 서초대로1길 11 1, 2층 (우)06567",매일 08:00 ~ 22:00,070-4099-0780,#카카오페이,['#카카오페이'],"['추천\n스트로베리초콜릿생크림\n37,000', '추천\n스페니쉬연유카페라떼\n5,800']"
고베그릴,서울 관악구 남부순환로 2082-25 5층 (우)08806,"매일 11:30 ~ 23:40
닫기",,02-3472-6073 대표번호,[],[]
남희회포장마차,서울 동작구 동작대로27가길 15 1층 (우)07008,,,,[],"['우럭 (소)\n25,000', '광어 (소)\n25,000', '놀래미 (중)\n40,000', '낙지\n20,000', '산우럭탕\n30,000']"
메가MGC커피 이수태평점,서울 동작구 동작대로27길 20 1층 (우)07008,"월~토 08:00 ~ 24:00
닫기",,02-535-8428 대표번호,[],"['아메리카노', '카푸치노', '꿀아메리카노', '민트카페모카', '메가리카노', '바닐라라떼', '콜드브루라떼', '콜드브루오리지널', '티라미수라떼', '헤이즐넛라떼', '헤이즐넛아메리카노', '녹차', '레몬차', '사과유자차', '얼그레이', '바닐라아메리카노', '카라멜마끼아또', '연유라떼', '카페라떼', '카페모카']"
힘찬정육식당 사당역직영점,서울 관악구 남현1길 58 (우)08806,"매일 11:00 ~ 01:00
닫기",02-521-6366,#이동약자접근 #점심식사 #정육식당 #친목모임 #회식장소,"['#이동약자접근', '#점심식사', '#정육식당', '#친목모임', '#회식장소']",[]
미분당 이수점,서울 서초구 서초대로 13 마에스트로 1동 107호 (우)06569,"매일 11:00 ~ 21:00
매일 휴게시간 15:00 ~ 17:00",,070-4238-5454 대표번호,[],"['차돌박이 쌀국수', '양지 쌀국수', '차돌양지 쌀국수', '차돌양지힘줄 쌀국수', '힘줄 쌀국수', '해산물 쌀국수']"
전원일기,서울 동작구 동작대로25길 32 1층 (우)07008,"매일 11:00 ~ 01:00
닫기",02-535-5937,#가족모임 #민속주점 #점심특선 #친목모임 #회식장소 #제로페이,"['#가족모임', '#민속주점', '#점심특선', '#친목모임', '#회식장소', '#제로페이']","['모듬전\n25,000', '해물파전\n20,000', '육전 (소고기)\n19,000', '오징어튀김\n17,000', '고추튀김\n16,000']"
동래모듬전,서울 동작구 동작대로7길 20 동래파전 (우)07015,매일 13:00 ~ 02:00,02-583-2022,#회식장소 #제로페이,"['#회식장소', '#제로페이']","['모듬전\n20,000', '소고기 육전\n20,000', '굴파전\n20,000', '굴전\n20,000', '해물파전\n20,000', '탱탱새우전\n18,000']"
등촌샤브칼국수 이수점,서울 동작구 사당로 286 2층 (우)07013,매일 10:30 ~ 22:00,,02-585-4279 대표번호,[],"['얼큰버섯칼국수 (2인이상)\n9,000\n야채+칼국수+볶음밥', '맑은버섯칼국수 (2인이상)\n9,000\n야채+칼국수+볶음밥', '점심특선세트 (2인이상)\n12,000\n야채+고기+칼국수+볶음밥', '소고기 (170g)\n9,000']"
키세츠스시,서울 서초구 방배천로4안길 18 1층 (우)06692,"매일 12:00 ~ 21:30
매일 휴게시간 14:00 ~ 18:00",,010-2038-6799 대표번호,[],"['런치스시\n45,000', '런치 오마카세\n65,000', '디너 오마카세\n90,000', '스페셜 오마카세\n130,000', '스시 (포장)\n35,000']"
충청삼겹 이수점,서울 동작구 동작대로27다길 15 1층 (우)07008,"매일 11:00 ~ 01:00
닫기",02-533-8810,#점심식사 #회식장소,"['#점심식사', '#회식장소']","['소스삼겹살(2인분)\n9,900', '오겹살\n13,000', '특목살\n13,000', '항정살\n14,000', '짜글이김치찌개+계란밥\n7,000']"
미테이,서울 서초구 방배중앙로 140 (우)06561,"월~토 18:30 ~ 01:00
닫기",02-532-1376,#심야식당 #혼술,"['#심야식당', '#혼술']","['스루메텐\n17,000', '새우튀김과 반숙계란 히야시츄카\n18,000', '햄듬북 감자사라다\n15,000', '햄카츠\n16,000', '아게다시도후\n16,000']"
올웨이즈온,서울 서초구 방배천로2안길 45 1층 (우)06692,"월,화,수,목,일 11:00 ~ 21:00
닫기",,02-584-7974 대표번호,[],"['누들 떡볶이\n7,000', '카야토스트(버터and치즈)\n7,500', '애플시나몬 와플\n11,500', '햄치즈 치아비타 파니니\n8,000', '에그샌드위치\n5,000']"
떡붕 이수점,서울 동작구 동작대로29길 57 (우)07008,,02-534-7427,,[],[]
동대문엽기떡볶이 이수역점,서울 동작구 사당로 300 125호 (우)07013,매일 11:00 ~ 23:50,,02-532-8542 대표번호,[],"['닭발세트\n17,500\n엽기 닭발메뉴 중 택 1 + 주먹김밥 + 계란찜', '실속세트\n17,500\n떡볶이 + 주먹김밥 + 모듬튀김(김말이 1개, 야채튀김 1개, 만두 2개)', '베스트세트\n20,000\n떡볶이 + 주먹김밥 + 모듬튀김(김말이 1개, 야채튀김 1개, 만두 2개) + 중국당면', '스페셜세트\n25,000\n떡볶이 + 주먹김밥 + 모듬튀김(김말이 1개, 야채튀김 1개, 만두 2개) + 중국당면 + 엽봉', '엽기 국물닭발\n15,000', '엽기닭볶음탕\n24,000', '엽기떡볶이\n14,000', '엽기반반\n14,000', '엽기오뎅\n14,000', '오뎅탕\n6,000', '엽기 오돌뼈\n14,000', '주먹김밥\n2,000', '로제떡볶이\n16,000', '엽기오돌뼈밥\n4,500', '참치마요밥\n3,500', '엽기 무뼈닭발\n15,000', '짜장떡볶이\n16,000']"
유미카츠 이수방배점,서울 동작구 동작대로27길 18 2층 (우)07008,"매일 11:00 ~ 22:00
닫기",,"02-595-4481 대표번호
더보기",[],"['유미카츠\n8,900', '카츠카레\n9,900', '치즈카츠\n10,900', '유미카츠정식A\n10,900', '카츠카레정식A\n11,900', '치즈카츠정식A\n12,900']"
속초오징어어시장 사당점,"서울 관악구 남현1길 47 1,2층 (우)08806","매일 11:30 ~ 17:30
닫기",02-586-1410,#친목모임 #회식장소 #제로페이,"['#친목모임', '#회식장소', '#제로페이']","['고등어구이\n10,000', '새우버터구이\n18,000', '생가리비치즈구이\n19,000', '속초오징어물회\n25,000', '속초활어물회\n25,000']"
세시파스타,서울 서초구 효령로 23 (우)06694,"화~일 11:30 ~ 21:00
화~금 휴게시간 15:00 ~ 17:30
닫기",,070-4113-1965 대표번호,[],"['함박 웃음 스테이크\n19,000', '무아르 토마토 파스타\n16,900', '무아르 크림 파스타\n14,900', '저지방 리코타 치즈 샐러드\n12,000', '계란담은 크림 피자\n14,900', '토마토 파스타\n14,000']"
무안수산,서울 동작구 동작대로7길 62-1 (우)07025,"화~금 17:00 ~ 22:00
닫기",02-586-0822,#개별룸 #친목모임 #코스요리 #회식장소,"['#개별룸', '#친목모임', '#코스요리', '#회식장소']",[]
얌리마카롱,서울 서초구 도구로 114 (우)06570,"월,화요일
닫기",,02-532-3210 대표번호,[],"['솔티카라멜 바닐라\n2,800']"
샌드리아 이수역점,서울 서초구 동광로12가길 34 (우)06567,"월~목 09:00 ~ 22:30
닫기",,010-6500-9567 대표번호,[],"['치즈폭포핫치킨 샌드위치\n7,200', '치즈폭포불고기 샌드위치\n7,200', '치즈폭포베이컨 버섯 샌드위치\n7,200', '치킨갈비리아 샌드위치\n6,900', '화이트치킨 샌드위치\n6,700']"
홍콩반점0410 이수역점,서울 동작구 동작대로27가길 38 1층 (우)07008,"매일 11:00 ~ 21:20
매일 휴게시간 15:00 ~ 15:30
닫기",,02-535-7135 대표번호,[],"['군만두', '쟁반짜장', '짜장면', '짬뽕', '탕수육', '고추짬뽕', '고추짜장']"
우리집한우정육식당,서울 동작구 동작대로29가길 9 (우)06997,,,,[],[]
토모야,서울 서초구 방배천로 17 2층 (우)06693,매일 17:00 ~ 02:00,02-3443-8850,#분위기좋은 #소개팅 #회식장소,"['#분위기좋은', '#소개팅', '#회식장소']","['모둠꼬치구이 (12pcs)\n35,800', '마늘 삼겹살 꼬치\n8,200', '왕새우튀김\n29,800', '생선초밥 (10pcs)\n23,000', '치즈계란말이\n19,800']"
전주남부시장콩나물국밥,서울 서초구 방배천로16길 3 1층 (우)06677,,02-582-2527,#맛집 #방배동 #사당역 #콩나물국밥 #혼밥 #이동약자접근,"['#맛집', '#방배동', '#사당역', '#콩나물국밥', '#혼밥', '#이동약자접근']",[]
남오토코 이수역점,서울 동작구 동작대로27다길 42 1층 (우)07008,"월~금 18:00 ~ 03:00
닫기",,02-532-4562 대표번호,[],"['나가사키짬뽕', '모찌리도후', '아게다시도후', '치킨가라아게', '토마토샐러드', '게살샐러드', '부타야사이이따메', '부타가꾸니', '해물타마고나베', '숯불꼬치구이', '왕새우튀김', '소고기타다끼', '야끼우동', '모듬 고로케']"
달콤커피 이수역점,서울 동작구 동작대로 101 1층 (우)07008,,,,[],"['그린티 카페라떼', '바닐라라떼', '아메리카노', '에스프레소', '카라멜 마끼아또', '카페라떼', '카푸치노', '콜드브루', '얼그레이 밀크티 라떼', '스트로베리 라떼', '그린티 라떼', '카라멜 아이스 블렌디드', '바닐라 아이스 블렌디드', '그린티 아이스 블렌디드', '초콜릿 아이스 블렌디드', '레몬진저 캐모마일', '자몽 얼그레이 아이스티', '유자차', '대추쌍화차', '루이보스']"
까르니브라질그릴,서울 서초구 방배로 83-9 동화빌딩 5층 (우)06686,"월~금 11:30 ~ 22:00
닫기",02-598-5066,#데이트코스 #브라질바베큐무한리필 #친목모임 #제로페이,"['#데이트코스', '#브라질바베큐무한리필', '#친목모임', '#제로페이']","['스페셜 메뉴\n40,000\n스테리크 무한리필+슈하스코 무한리필', '투데이 스테이크\n15,900', '스테이크 두조각\n17,900', '슈하스코단품\n21,900', '슈하스코 무한리필\n35,800']"
황제소고기국밥,서울 동작구 동작대로29길 11 (우)07008,"첫째,셋째 일요일",02-594-9200,#점심식사 #혼밥 #제로페이,"['#점심식사', '#혼밥', '#제로페이']","['황제갈비탕\n9,000', '소고기국밥\n8,000', '뚝배기불고기\n7,000', '수육 (100g)\n8,000', '술국\n12,000']"
대신수산,서울 동작구 동작대로7길 43 1층 (우)07015,매일 17:00 ~ 24:00,02-587-0822,#코스요리 #제로페이,"['#코스요리', '#제로페이']","['A코스(1인)\n30,000', 'B코스(1인)\n40,000', '라면사리\n2,000']"
이수짜장,서울 동작구 동작대로29가길 7 (우)06997,,,,[],[]
더풍년 이수점,서울 동작구 동작대로25길 50 1층 (우)07008,"월~토 17:00 ~ 22:00
닫기",,0507-1363-5069 대표번호,[],"['해물뚝배기라면\n15,000', '홍합탕\n12,000', '풍년해물모둠(소)\n39,000', '단새우회\n29,000', '풍년찜모둠\n35,000']"
오리촌,서울 동작구 동작대로31길 13 1층 (우)06997,"매일 11:00 ~ 22:00
매일 휴게시간 15:00 ~ 16:00
닫기",02-532-3512,#안심식당 #건강식 #제로페이,"['#안심식당', '#건강식', '#제로페이']",[]
조가네족발왕,서울 동작구 동작대로23길 21 대원빌딩 1층 (우)07013,"매일 16:00 ~ 24:00
닫기",02-522-2777,#제로페이,['#제로페이'],"['한방족발(중)\n30,000', '매운양념족발(중)\n33,000', '허니마늘족발(중)\n33,000', '쟁반막국수(중)\n10,000', '파김치전골\n15,000']"
이수정육식당,서울 동작구 동작대로27다길 5 (우)07008,,,,[],"['생삼겹살(200g)\n5,900', '생목살(200g)\n5,900', '생등심(200g)\n12,000', '차돌박이(150g)\n9,000', '생갈매기살(200g)\n5,900']"
이수가,서울 동작구 동작대로27나길 6 2층 (우)07008,,,,[],"['통골뱅이 (2인분)\n35,000\n탕,구이/사시미', '삼합사시미\n20,000', '보쌈 (알뜰)\n21,000', '땡초홍어전\n20,000', '무침 (소)\n30,000']"
스타벅스 방배카페거리점,서울 서초구 방배중앙로 162 (우)06557,"월~토 08:00 ~ 22:00
닫기",,1522-3232 대표번호,[],"['리저브 나이트로\n7,500\n나이트로 커피 정통의 캐스케이딩과 부드러운 콜드 크레마!\n부드러운 목 넘김과 완벽한 밸런스에 커피 본연의 단맛을 경험할 수 있습니다.', '제주 한라봉 말차 블렌디드\n7,500\n청정한 제주를 느낄 수 있도록\n제주산 말차, 한라봉을 사용한\n시원하고 달콤한 프로즌 티', '플럼 선셋 유스베리 티\n7,000\n익숙한 자두와 상큼한 유스베리 티의 조합으로\n일상적이지만 아름답고 특별한 선셋을 표현한 음료', '바닐라 빈 푸딩 블렌디드 위드 콜드 브루\n6,300\n바닐라 빈이 콕콕 박힌 부드러운 푸딩과 산뜻한 콜드 브루의 만남!\n진한 바닐라 풍미를 느낄 수 있는 커피 블렌디드', '퍼플 드링크 위드 망고 용과 스타벅스 리프레셔\n5,900\n망고 용과와 코코넛 밀크가 달콤하고 부드럽게 조화된 맛에\n가볍게 에너지 부스팅을 할 수 있는 음료', '라이트 키위 라임 블렌디드\n6,300\n여름의 나른함을 짜릿하게 날려버릴 블렌디드\n새콤한 키위 라임과 쫄깃한 곤약 젤리로 가볍게 리프레쉬 할 수 있는 음료\n*천연 대체 감미료가 함유되어 100kcal로(T 기준) 더욱 라이트하게 즐기실 수 있습니다.\n*취향에 따라 클래식 시럽을 무료로 추가 하실 수 있습니다.', '망고 용과 레모네이드 스타벅스 리프레셔\n5,900\n망고 용과와 레모네이드가 달콤 상큼하게 조화된 맛에\n가볍게 에너지 부스팅을 할 수 있는 음료', '얼 그레이 카카오 초코 프라푸치노\n6,500\n바리스타가 된 춘식이 초콜릿 토핑과 카카오 초콜릿 칩,\n그리고 티바나 얼그레이 티를 더해\n누구나 특별한 달콤함을 즐길 수 있는 프라푸치노 음료입니다.', '오늘의 커피\n4,200\n신선하게 브루드(Brewed)되어 원두의 다양함이 살아있는 커피', '카푸치노\n5,000\n풍부하고 진한 에스프레소에 따뜻한 우유와 벨벳 같은 우유 거품이 1:1 비율로 어우러져 마무리된 커피 음료', '카페 라떼\n5,000\n풍부하고 진한 에스프레소가 신선한 스팀 밀크를 만나 부드러워진 커피 위에 우유 거품을 살짝 얹은 대표적인 커피 라떼', '카페 모카\n5,500\n진한 초콜릿 모카 시럽과 풍부한 에스프레소를 스팀 밀크와 섞어 휘핑크림으로 마무리한 음료로 진한 에스프레소와 초콜릿 맛이 어우러진 커피', '카페 아메리카노\n4,500\n진한 에스프레소와 뜨거운 물을 섞어 스타벅스의 깔끔하고 강렬한 에스프레소를 가장 부드럽게 잘 느낄 수 있는 커피', '카라멜 마키아또\n5,900\n향긋한 바닐라 시럽과 따뜻한 스팀 밀크 위에 풍성한 우유 거품을 얹고 점을 찍듯이 에스프레소를 부은 후 벌집 모양으로 카라멜 드리즐을 올린 달콤한 커피 음료', '화이트 초콜릿 모카\n5,900\n달콤하고 부드러운 화이트 초콜릿 시럽과 에스프레소를 스팀 밀크와 섞어 휘핑크림으로 마무리한 음료로 달콤함과 강렬한 에스프레소가 부드럽게 어우러진 커피', '스타벅스 돌체 라떼\n5,900\n스타벅스의 다른 커피 음료보다 더욱 깊은 커피의 맛과 향에 깔끔한 무지방 우유와 부드러운 돌체 시럽이 들어간 음료로 달콤하고 진한 커피 라떼', '자바 칩 프라푸치노\n6,300\n커피, 모카 소스, 진한 초콜릿 칩이 입안 가득 느껴지는 스타벅스에서만 맛볼 수 있는 프라푸치노', '망고 바나나 블렌디드\n6,300\n(Grande Only) 달콤한 망고 패션 프루트 주스에\n바나나 1개가 통째로 들어간 신선한 블렌디드', '아이스 자몽 허니 블랙 티\n5,700\n새콤한 자몽과 달콤한 꿀이 깊고 그윽한 풍미의 스타벅스 티바나 블랙 티의 조화', '자몽 허니 블랙 티\n5,700\n새콤한 자몽과 달콤한 꿀이 깊고 그윽한 풍미의 스타벅스 티바나 블랙 티의 조화', '콜드 브루\n4,900\n스타벅스 바리스타의 정성으로 탄생한 콜드 브루!\n\n콜드 브루 전용 원두를 차가운 물로 추출하여 한정된 양만 제공됩니다.\n깊은 풍미의 새로운 커피 경험을 즐겨보세요.', '', '', '', '']"
공평동 꼼장어 이수점,서울 동작구 동작대로27가길 6-3 (우)07008,,,,[],"['뼈없는닭발 (1인분)\n10,000', '왕새우 (10마리)\n10,000', '소세지\n10,000', '꼼장어 (1인분)', '불돼지 (1인분)']"
강원도감자탕쌈밥,서울 동작구 사당로30길 108 (우)07015,매일 00:00 ~ 24:00,02-587-7215,#안심식당 #혼밥 #제로페이,"['#안심식당', '#혼밥', '#제로페이']",[]
백미당 서송타워점,서울 동작구 동작대로 137 (우)06997,"매일 11:30 ~ 20:30
매일 휴게시간 16:00 ~ 17:00",,02-593-1964 대표번호,[],"['아메리카노(Small)\n4,100', '백미당 라떼(Small)\n4,800', '수제 밀크 티라미수\n5,500', '밀크 쉐이크\n5,500', '생 바나나 쉐이크\n5,500']"
어울림정육식당,서울 서초구 방배천로2길 25 상원빌딩 1층 (우)06693,"매일 11:00 ~ 22:20
닫기",,02-521-2727 대표번호,[],"['소한마리 (800g)\n72,000\n미국산 프라임 등급 (3~4인분, 등심,갈비살,부채살, 우삼겹)', '추천\n돼지한마리 (800g)\n62,000\n국내산 생고기 (3~4인분, 삼겹살,목살,오겹살,항정살 등)', '삼겹살 (170g)\n14,000\n국내산180g 입니다. (120g, 150g 아님)', '항정살 (170g)\n14,000\n미국산', '소반마리 (500g)\n49,900\n미국산 프라임 등급 (2인분, 등심,갈비살,부채살, 우삼겹)', '추천\n한우스페셜모들(550g)\n105,000\n한우 1+', '한우모듬(530g)\n95,000\n한우 1+', '한우등심(150g)\n29,000\n한우 1+', '돼지갈비 (250g)\n14,000\n미국산', '돼지반마리( (500g)\n39,000\n국내산 삼겹살, 목살, 오겹살, 항정살 (2인분)', '갈비탕\n13,000\n갈비탕', '육회비빔밥\n10,000\n한우1+', '소고기 국밥\n7,000\n진한 국물의 장터 국밥', '한우부채살(150g)\n29,000\n한우 1+', '갈비살(150g)\n17,000\n미국산 프라임 등급', '한우육회 (180g)\n20,000', '한우안심 (150g)\n29,000', '한우부채살 (150g)\n29,000']"
취향마라 이수역점,서울 서초구 동작대로 108 디오슈페리움2 1층 105호 (우)06568,매일 10:00 ~ 01:00,,02-2135-9889 대표번호,[],"['셀프마라탕 (100g)\n1,800', '셀프마라샹궈 (100g)\n3,000', '계란새우볶음밥\n7,000', '꿔바로우 (소)\n9,900']"
족발의발견,서울 동작구 동작대로1길 32 1층 (우)07025,매일 14:00 ~ 01:00,02-873-5577,#회식장소 #제로페이,"['#회식장소', '#제로페이']","['족발 (대)\n36,000', '족발 (중)\n32,000', '불족발 (대)\n37,000', '불족발 (중)\n33,000', '보쌈 (대)\n39,000', '보쌈 (중)\n34,000', '보쌈 (소)\n29,000', '냉채족발 (대)\n40,000', '냉채족발 (중)\n35,000', '반반족발 (대)\n40,000', '반반족발 (중)\n36,000', '보족세트 (대)\n54,000', '보족세트 (중)\n40,000']"
제주어항1950,서울 서초구 방배로 189 1층 (우)06572,,,,[],"['갈치조림 (중)\n55,000', '고등어조림 (중)\n28,000', '갈치구이\n63,000', '활어물회\n15,000', '성게미역국\n15,000']"
분코,서울 서초구 방배천로4안길 26 (우)06692,"월~금 18:00 ~ 01:00
닫기",,#소개팅,['#소개팅'],"['브라타치즈 샐러드\n23,000', '마라 고추튀김\n16,000', '게 내장 파스타\n19,000', '니꾸 우동\n17,000', '볏짚 양갈비 미소야끼\n23,000']"
꿈꾸는다락방,서울 서초구 청두곶길 12 두원아파트상가 1층 (우)06690,매일 11:00 ~ 22:00,010-8999-7996,#데이트코스 #분위기좋은 #이동약자접근 #회식장소 #제로페이,"['#데이트코스', '#분위기좋은', '#이동약자접근', '#회식장소', '#제로페이']",[]
사당광안리,서울 동작구 동작대로7길 5 1층 (우)07015,"월~토 16:30 ~ 23:00
닫기",,,[],[]
홍천숯불닭갈비,서울 동작구 동작대로27가길 41 1층 (우)07008,"월~토 15:00 ~ 24:00
닫기",0507-1338-5095,#봄제철음식 #제로페이,"['#봄제철음식', '#제로페이']","['무뼈닭발 양념구이(1인분)\n16,000\n치즈포함', '양념닭갈비 3대(1인분)\n13,000', '감자닭갈비 3대(1인분)\n13,000', '목살(닭)구이(1인분)\n16,000', '더덕구이\n17,000']"
뽕잎사랑 이수점,서울 동작구 동작대로27가길 22 (우)07008,"매일 11:00 ~ 22:30
닫기",,02-593-2518 대표번호,[],[]
BHC치킨 이수점,"서울 서초구 서초대로 3-4 디오슈페리움1차 104,104-1호 (우)06568",매일 12:00 ~ 24:00,,02-537-8292 대표번호,[],"['더블팝순살 양념+치즈볼\n28,000\n크런치한 바삭함과 촉촉 부드러운 순살이 더블! 깊고 진한 바베큐소스 양념 위에 치즈크림소스가 더블!+[1세트 5개 제공] 달콤바삭 치즈볼', '더블팝순살 후라이드+치즈볼\n27,000\n크런치한 바삭함과 촉촉 부드러운 순살이 더블! 입안에 더블로 팝팝!+[1세트 5개 제공] 달콤바삭 치즈볼', '스윗킹 폭립+치즈볼\n33,000\n부드럽고 촉촉한 두툼한 폭립 위에 바비큐소스 앤 후레이크로 튀겨낸 단짠!바싹!한 스윗킹 폭립!+[1세트 5개 제공] 달콤바삭 치즈볼', '핫후라이드 콤보+치즈볼\n25,000\n명불허전! 바삭함, 고소함 가득! 매콤하게 튀긴 매운 맛 후라이드 치킨의 정석, 퍽퍽한 닭가슴살 없이 윙과 닭다리만 담은 콤보+[1세트 5개 제공] 달콤바삭 치즈볼', '핫후라이드 윙+치즈볼\n25,000\n명불허전! 바삭함, 고소함 가득! 매콤하게 튀긴 매운 맛 후라이드 치킨의 정석, 치킨의 꽃인 날개 부분만 모아 담은 윙+[1세트 5개 제공] 달콤바삭 치즈볼', '핫후라이드 스틱+치즈볼\n25,000\n명불허전! 바삭함, 고소함 가득! 매콤하게 튀긴 매운 맛 후라이드 치킨의 정석, 인기만점 닭다리만 모아 담은 스틱+[1세트 5개 제공] 달콤바삭 치즈볼']"
아는포차,서울 동작구 동작대로7길 11 (우)07015,매일 17:00 ~ 04:00,02-581-8897,#회식장소,['#회식장소'],"['마늘닭도리탕\n22,000', '삼겹살보쌈\n22,000', '홍합탕\n15,000', '시샤모구이\n15,000', '반건조 오징어\n15,000', '두부김치\n15,000', '닭똥집볶음\n15,000', '오뎅탕\n15,000', '생연어사시미 (대)\n33,000', '생연어사시미 (중)\n22,000']"
택이네조개전골 사당점,서울 동작구 사당로17가길 13 2층 (우)07004,,,,[],"['조개전골 (2인)\n38,000', '조개칼국수\n8,000', '얼큰조개칼국수\n8,000', '모듬칼국수\n10,000', '얼큰모듬칼국수\n10,000']"
양계장집아들 방배본점,서울 서초구 방배천로16길 1 (우)06677,매일 14:00 ~ 02:00,,02-522-0766 대표번호,[],"['양아들 후라이드치킨\n10,900', '양념치킨\n11,900', '매운양념치킨\n11,900', '간장치킨\n11,900', '고추마늘치킨\n12,900']"
논고을 사당점,서울 동작구 남부순환로269길 12 (우)07025,매일 11:00 ~ 01:00,02-525-9203,#회식장소 #제로페이,"['#회식장소', '#제로페이']","['제주1+1모둠 (300g)\n20,000\n제주삼겹+흑돼지생고기', '잔치국수\n4,000\n6시이후', '갈비살 (150g)\n16,000', '소막창 (170g)\n16,000', '꼬소물냉면\n6,000', '꼬소비빔냉면\n6,000']"
맘스터치 이수점,서울 동작구 동작대로27길 15 서범빌딩 2층 (우)07008,,02-533-6912,#제로페이,['#제로페이'],"['딥치즈버거', '싸이버거', '디럭스불고기버거', '화이트갈릭버거', '휠렛버거', '언빌리버블버거', '인크레더블버거', '싸이플렉스버거', '후라이드싸이순살', '텍사스바베큐치킨버거', '청양마요미트볼버거', '새우불고기버거', '불싸이버거', '야채통통치킨버거', '딥치즈싸이버거', '간장마늘싸이순살', '바삭크림치즈볼', '어메이징매콤마요버거', '쉬림프싸이플렉스버거', '간장마늘떡강정']"
이디야커피 총신대입구역점,서울 동작구 동작대로 119-1 2층 (우)07008,"월~금 09:00 ~ 23:00
닫기",,02-533-0274 대표번호,[],"['콜드브루 니트로', '민트모카', '바닐라 라떼', '카라멜 마끼아또', '카페 라떼', '카페 아메리카노', '카페모카', '카푸치노', '화이트 초콜릿 모카', '콜드브루라떼', '콜드브루 화이트 비엔나', '이곡라떼', '디카페인 콜드브루 아메리카노', '애플루이보스티', '제주호지차라떼', '연유밀크티']"
꿈꾸는포장마차,서울 동작구 동작대로7길 35 1층 (우)07015,"월~목 16:00 ~ 23:30
닫기",02-523-1020,#제로페이,['#제로페이'],"['추천\n불낙전골 (중) 2인분\n34,000\n불고기+낙지= 불낙전골', '낙곱전골 (중) 2인분\n34,000\n낙지+곱창=낙곱전골', '불낙곱전골 (대)3,4인분\n50,000\n불고기+낙지+곱창=불낙곱전골', '낙곱전골(대)-3,4인분\n50,000\n낙지+곱창=낙곱전골', '곱창전골 (중) 2인분\n28,000', '곱창전골(대)3,4인분\n45,000', '불곱전골 (대)\n45,000\n불고기+곱창', '낙곱새전골(대) 3,4인분\n59,000\n낙지+곱창+새우=낙곱새전골', '불고기전골 (중) 2인분\n28,000', '불고기전골(대)\n45,000', '불낙전골(대)\n50,000', '낙곱새전골(중) 2인분\n38,000', '사리(우동,라면,야채,당면)\n2,000', '주먹밥,볶음밥\n3,000']"
엘리씨 커피,서울 서초구 동광로12가길 3 1층 (우)06568,"월~금 08:00 ~ 23:00
닫기",,02-533-5157 대표번호,[],[]
김채원24시감자탕 사당본점,서울 동작구 동작대로3길 14 (우)07015,매일 00:00 ~ 24:00,02-585-1332,#점심식사 #혼밥 #회식장소 #제로페이,"['#점심식사', '#혼밥', '#회식장소', '#제로페이']","['우거지감자탕 (2인)\n25,000', '얼큰묵은지감자탕 (2인)\n27,000', '매운 양푼등갈비 (1인)\n10,900', '추억의 파채삼겹살 (1인분)\n8,000', '뼈해장국\n7,000']"
힘쎈대머리고창풍천장어,서울 동작구 동작대로25길 34 (우)07008,,,,[],[]
새퍼커피,서울 서초구 서초대로4길 17 1층 (우)06675,"월~금 08:00 ~ 21:00
닫기",,070-7543-7586 대표번호,[],"['수제 3종 바닐라빈 카페라떼\n4,800', '아인슈페너\n4,800', '흑임자크림 카페라떼\n5,300', '아메리카노\n3,800', '카페라떼\n4,300']"
사당김밥 이수점,서울 동작구 동작대로25길 40 (우)07008,,,,[],"['야채김밥\n3,000', '유부김밥\n4,000', '참치김밥\n4,000', '꼬마야채\n2,500', '꼬마 참치\n3,000']"
빽다방 총신대입구역점,서울 서초구 동작대로 128 1층 (우)06567,"월~금 07:00 ~ 23:00
닫기",,02-533-1859 대표번호,[],"['원조커피', '카라멜마키아또', '카페모카', '녹차라떼', '달콤아이스티', '사라다빵', '완전초코', '앗!메리카노', '빽’s라떼']"
탕마루,서울 동작구 동작대로29가길 10 (우)06997,,,,[],"['양푼 생고기 김치찌개\n6,000\n알밥포함', '양푼 소시지 김치찌개\n6,000\n알밥포함', '양푼 갈비 김치찜\n9,000\n알밥포함', '양푼 고등어 김치찜\n7,000\n알밥포함', '생삼겹살(180g)\n12,000']"
파리바게뜨 이수태평점,"서울 동작구 동작대로27가길 6 백경빌딩 1층 101,102호 (우)07008","매일 07:00 ~ 23:00
닫기",,02-6402-3363 대표번호,[],[]
비엔나커피하우스 방배점,서울 서초구 방배로 126 석하빌딩 (우)06664,"월~금 08:30 ~ 23:00
닫기",,02-585-1683 대표번호,[],"['아인슈패너\n5,500', '프란치스카너\n5,500', '아이스 아인슈패너\n6,000', '아메리카노\n4,200', '카페라떼\n4,800']"
오우아,서울 서초구 방배천로6길 3-4 1층 (우)06691,"월~토 11:00 ~ 22:00
닫기",,02-6498-4998 대표번호,[],"['오 아메리카노\n4,500', '우아 아메리카노\n4,500', '디카페인 아메리카노\n5,500', '카페라떼\n5,000', '아인슈페너\n5,500']"
미인참치,서울 서초구 방배천로2길 2 (우)06693,월~토 17:00 ~ 01:00,02-522-6644,#룸술집 #참치무한리필 #제로페이,"['#룸술집', '#참치무한리필', '#제로페이']","['한사라\n50,000\n9시 이후 주문가능', '미인참치(1인)\n35,000', '스페셜(1인)\n49,000', '골드(1인)\n70,000', '초밥(1인)\n15,000']"
따올라이,서울 서초구 방배중앙로 149 (우)06560,"화~일 17:00 ~ 03:00
닫기",,,[],"['팟카파오무쌉(다진돼지고기바질덮밥)\n11,000', '까이팟멧마우엉(닭고기,야채,캐슈넛볶음)\n25,000', '카오팟꿍(새우볶음밥)\n8,000', '카오팟사파롯(파인애플볶음밥)\n12,000', '꾸웨이띠오우(태국쌀국수)\n8,000', '팟타이(볶음쌀국수)\n11,000', '얌운센(야채,해산물녹두당면샐러드)\n9,000', '쏨땀말라꺼(그린파파야샐러드)\n9,000', '무팟남픽파오(칠리돼지고기볶음)\n23,000', '꿍톳끄라띠암(튀긴새우와마늘)\n20,000', '뿌 팟 퐁 커리(커리소스 게요리)\n25,000', '쁘라톳랏쁘릭(튀긴생선에칠리소스)\n25,000', '똥양꿍(새우스프)\n25,000', '타이샘플러\n20,000', '남마프라오빤(코코넛쉐이크)\n5,000', '남마무엉빤(망고쉐이크)\n5,000', '리얼코코넛워터100%\n5,000', '생맥주\n4,000', '창\n5,000', '싱하\n6,000']"
철길부산집 이수점,서울 동작구 동작대로27다길 29 서광시티뷰 1층 102호 (우)07008,,02-6954-2361,#오뎅바,['#오뎅바'],"['숙성 연어사시미\n29,000\n부산집 만의 특별한 레시피로 3가지 종류로 숙성한 연어사시미', '소고기타다끼\n20,000\n소고기 채끝살 부위 겉면을 살짝 익혀 술안주에 최고인 부산집 시그니쳐', '어묵2인 세트\n17,000\n부산어묵2가지, 물떡,모찌, 꼬불이 등 부산집만의 특별한 개인육수를 즐기실 수 있는 오뎅바']"
몰랑이수,서울 동작구 동작대로29길 24 (우)06997,"매일 08:00 ~ 19:00
닫기",,02-593-9555 대표번호,[],[]
이수오뎅 본점,서울 동작구 동작대로25길 27 1층 (우)07008,"월~토 18:00 ~ 02:00
닫기",02-532-0809,#분위기좋은 #오뎅바,"['#분위기좋은', '#오뎅바']","['왕노가리 세트\n5,900\n왕노가리2+김과자+땅콩', '와사비 크림 새우\n14,900', '사쿠라 탕수육\n12,900', '통 새우튀김\n14,000', '착한 왕 먹태\n14,900']"
육감 방배본점,서울 서초구 효령로 19 (우)06694,"매일 11:00 ~ 22:00
닫기",02-584-8008,#친목모임 #제로페이,"['#친목모임', '#제로페이']","['차돌박이 (1인)\n19,000', '알등심 육회 (180g)\n29,000', '갈비살 (1인)\n33,000', '삼겹살 (1인)\n13,000', '목살 (1인)\n13,000']"
에이바우트커피 이수점,서울 동작구 동작대로27가길 12 (우)07008,매일 08:30 ~ 23:00,,,[],"['그릭 요거트\n5,500', '레몬에이드\n5,500', '모든 케이크\n3,900', '아메리카노\n4,900', '카페모카\n5,900']"
후지스시,서울 동작구 동작대로29가길 23 1층 (우)06997,매일 11:00 ~ 22:00,02-534-9548,#회전초밥 #제로페이,"['#회전초밥', '#제로페이']","['모듬초밥(12pcs)\n13,500', '특선초밥(12pcs)\n18,000', '후지초밥(14pcs)\n29,000', '회덮밥\n10,000', '연어회덮밥\n12,000']"
나인피스그릴,서울 서초구 방배천로4길 28 연웅빌딩 1층 (우)06693,"월~금 16:00 ~ 23:00
닫기",02-583-8883,#분위기좋은 #소개팅 #친목모임 #회식장소 #제로페이,"['#분위기좋은', '#소개팅', '#친목모임', '#회식장소', '#제로페이']","['추천\n스테이크삼겹살 (200g)\n22,000', '스테이크목살 (200g)\n22,000', 'LA양념갈비 (300g)\n30,000', '추천\n소고기안심 (160g)\n43,000', '스테이크 양갈비300g\n34,000', '어제 끓인 김치찌개\n8,000', '가브리살 (200g)\n24,000', '닭목살구이 (150g)\n16,000']"
스마일포차,서울 서초구 방배중앙로 191 1층 (우)06554,"월~수 17:00 ~ 02:00
닫기",,02-534-0236 대표번호,[],"['추천\n묵은지닭볶음탕\n37,000', '치즈계란말이\n18,000', '수제비대합탕\n19,000', '소라무침\n23,000']"
김봉남포장마차 사당역1호점,서울 동작구 사당로30길 115 2층 (우)07015,,,,[],[]
이수치막,서울 동작구 동작대로27나길 12 1층 (우)07008,"월~토 16:00 ~ 02:00
닫기",,,[],"['치막 한판\n29,000\n숯불 치킨 반마리+숯불 돼지막창+소 막창', '막창세트\n28,000\n숯불 소막창+돼지막창', '숯불 치킨 (한마리)\n19,000', '숯불 돼지막창 (한판)\n23,000', '숯불 소막창 (한판)\n26,000']"
남원추어탕,서울 동작구 동작대로15길 15 (우)07014,,,,[],"['추어탕\n10,000', '통추어탕\n12,000', '추어전골 (중)\n30,000', '추어전골 (대)\n40,000', '추어숙회 (중)\n30,000', '추어숙회 (대)\n40,000', '추어튀김 (대)\n17,000', '추어튀김 (중)\n12,000', '추어부침개\n8,000']"
금별맥주 이수점,서울 동작구 동작대로27나길 21 (우)07008,,010-4391-7200,#앤틱한,['#앤틱한'],[]
바른치킨 이수역점,서울 동작구 동작대로27다길 14 (우)07008,매일 15:00 ~ 01:00,,02-595-0092 대표번호,[],"['고소치킨Ⅱ (제주우도땅콩치킨)\n21,900\n제주에서 자란 우도땅콩이 토핑되어 조청 소스에 진한 땅콩마요 소스가 뿌려진 달콤 고소한 치킨', ""레고치킨Ⅱ\n22,900\n매콤한 '레드치킨'과 달콤 고소한 '고소치킨'을 맵단맵단으로 즐길 수 있어 마지막 한 조각까지 질리지 않고 맛있게"", 'NEW)바른짜장떡볶이(강추)\n8,900\n바른치킨에서 개발한 특제 짜장 소스로 만든 달콤한 짜장떡볶이', 'NEW)바른크림떡볶이(강추)\n9,900\n바른크림떡볶이에서 한층 더 업그레이드 된 꾸덕하고 진한 맛이 일품인 크림떡볶이', '현미바사삭\n17,900\n특허받은 현미파우더에 깨끗한 기름으로 조리하여 후라이드 본연의 깔끔하고 고소한 치킨', '반반바른치킨\n19,900\n현미바사삭과 특제 양념치킨을 동시에 맛볼 수 있는 반반 치킨', '통곡물간장치킨\n19,900\n감칠맛 넘치는 특제 간장소스와 통곡물 토핑으로 식감을 살린 매력적인 치킨', '순덕이세트 (순살치킨과 떡볶이)\n18,900\n현미바사삭 순살 + 바른 떡볶이', '대새레드\n23,900\n탱글한 랍스터새우와 72시간 숙성된 소스의 맛있게 매운 대새레드', '대새트리플\n32,900\n입맛대로 골라 먹는 재미! 대새시리즈 3가지 맛을 한 번에 즐길 수 있는 대새트리플']"
배스킨라빈스 이수역점,서울 동작구 동작대로27길 15 1층 101호 (우)07008,"월~토 10:00 ~ 23:00
닫기",,02-591-0310 대표번호,[],"['옹기종기팩\n26,500\n친구,동료들과 옹기종기! 8가지 맛 싱글레귤러를 한 팩에!', '아빠왔다팩\n13,500\n하루 종일 아빠만을 기다린 아들, 딸을 위해! 4가지 맛 싱글레귤러를 한 팩에!', '파인트\n8,900\n[제품포장 안내]\n주문하신 제품을 녹지 않게 포장해서 배달해드립니다. (최대30분)\n제품을 받으신 후 바로 드시거나, 바로 드시지 않으시면 냉동보관 부탁드립니다.\n\n3가지 맛의 아이스크림이 선택가능한 파인트 사이즈!\n\n* 해피씰(Happy Seal)이란? 제품을 밀봉하는 배달 전용 패키지로 고객님이 직접 제거하신 후 제품을 즐기실 수 있습니다.\n* 다회용 보냉백 - 포장시간 연장을 원하시는 고객님께서는 300원 추가 시 보냉백으로 포장해드립니다 (최대 1시간 30분)\n\n*** 아래 유의사항을 꼭 확인 후 주문해주시기 바랍니다 ***\nㆍ 기상(우천, 강풍, 강설 등), 교통상황에 따라 배달이 지연 될 수 있습니다.\nㆍ 결제 완료 후 매장접수되어 <상품준비중>인 경우에는 주문 취소가 불가합니다.\nㆍ 결제완료 후 해당매장에 주문한 제품의 재고가 없을 경우 주문이 취소될 수 있습니다.\nㆍ 배송 지연 시, 해당매장으로 문의해주세요.\nㆍ 제품포장이 완료된 후에는 주문취소 및 환불이 불가합니다\n(또한, 포장이 완료된 후에는 변경이 불가합니다)\nㆍ 반드시 해당제품으로 교환을 해야하며, 타제품으로 교환 불가합니다.\nㆍ 해피포인트 적립은 불가합니다.', '쿼터\n17,000\n[제품포장 안내]\n주문하신 제품을 녹지 않게 포장해서 배달해드립니다. (최대30분)\n제품을 받으신 후 바로 드시거나, 바로 드시지 않으시면 냉동보관 부탁드립니다.\n\n4가지 맛의 아이스크림이 선택가능한 쿼터 사이즈!\n\n* 해피씰(Happy Seal) 이란? 제품을 밀봉하는 배달 전용 패키지로 고객님이 직접 제거하신 후 제품을 즐기실 수 있습니다.\n* 다회용 보냉백 - 포장시간 연장을 원하시는 고객님께서는 300원 추가 시 보냉백으로 포장해드립니다 (최대 1시간 30분)\n\n*** 아래 유의사항을 꼭 확인 후 주문해주시기 바랍니다 ***\nㆍ 기상(우천, 강풍, 강설 등), 교통상황에 따라 배달이 지연 될 수 있습니다.\nㆍ 결제 완료 후 매장접수되어 <상품준비중>인 경우에는 주문 취소가 불가합니다.\nㆍ 결제완료 후 해당매장에 주문한 제품의 재고가 없을 경우 주문이 취소될 수 있습니다.\nㆍ 배송 지연 시, 해당매장으로 문의해주세요.\nㆍ 제품포장이 완료된 후에는 주문취소 및 환불이 불가합니다\n(또한, 포장이 완료된 후에는 변경이 불가합니다)\nㆍ 반드시 해당제품으로 교환을 해야하며, 타제품으로 교환 불가합니다.\nㆍ 해피포인트 적립은 불가합니다.', '패밀리\n24,000\n[제품포장 안내]\n주문하신 제품을 녹지 않게 포장해서 배달해드립니다. (최대30분)\n제품을 받으신 후 바로 드시거나, 바로 드시지 않으시면 냉동보관 부탁드립니다.\n\n5가지 맛의 아이스크림이 선택가능한 패밀리 사이즈!\n\n* 해피씰(Happy Seal) 이란? 제품을 밀봉하는 배달 전용 패키지로 고객님이 직접 제거하신 후 제품을 즐기실 수 있습니다.\n* 다회용 보냉백 - 포장시간 연장을 원하시는 고객님께서는 300원 추가 시 보냉백으로 포장해드립니다 (최대 1시간 30분)\n\n*** 아래 유의사항을 꼭 확인 후 주문해주시기 바랍니다 ***\nㆍ기상(우천, 강풍, 강설 등), 교통상황에 따라 배달이 지연 될 수 있습니다.\nㆍ결제 완료 후 매장접수되어 <상품준비중>인 경우에는 주문 취소가 불가합니다.\nㆍ결제완료 후 해당매장에 주문한 제품의 재고가 없을 경우 주문이 취소될 수 있습니다.\nㆍ배송 지연 시, 해당매장으로 문의해주세요.\nㆍ제품포장이 완료된 후에는 주문취소 및 환불이 불가합니다.(또한, 포장이 완료된 후에는 변경이 불가합니다)\nㆍ반드시 해당제품으로 교환을 해야하며, 타제품으로 교환 불가합니다.\nㆍ해피포인트 적립은 불가합니다.']"
쏘맥의달인,서울 동작구 동작대로27길 16-6 2층 (우)07008,,,,[],"['허니감자튀김\n9,800', '치즈치즈 감자튀김\n14,800', '베이컨크림 홍합찜\n16,800', '해물크림떡찜\n16,800', '베이컨크림떡찜\n16,800', '해물크림파스타\n14,800', '베이컨크림파스타\n14,800', '양푼 파스타 샐러드\n14,800', '차돌박이 오리엔탈 샐러드\n13,800', '그때그때 모듬과일\n23,800', '마르게리타 피자\n12,800', '치즈 피자\n12,800', '고르곤졸라 피자\n14,800', '그릴에구운치킨 (600g)&감자튀김\n16,800', '그릴에구워 크림소스를바른 치킨 (600g)&감자튀김\n16,800', '데리야끼를발라 그릴에구운 치킨 (600g)&감자튀김\n18,800', '소주\n4,000', '매화수\n4,500', '청하\n4,500', '서울막걸리\n4,000']"
향미,서울 서초구 서초대로1길 12 (우)06568,,,,[],[]
종부네,서울 동작구 동작대로27가길 37 2층 (우)07008,"월~목 17:00 ~ 23:00
닫기",,010-4305-1805 대표번호,[],"['곰표막걸리\n10,000']"
돌담,서울 동작구 동작대로27다길 12 2층 (우)07008,"매일 19:00 ~ 02:00
닫기",,#가성비좋은 #다트 #데이트코스 #무제한칵테일 #보드게임카페 #분위기좋은 #칵테일바 #혼술,"['#가성비좋은', '#다트', '#데이트코스', '#무제한칵테일', '#보드게임카페', '#분위기좋은', '#칵테일바', '#혼술']","['마티니\n10,000\n칵테일', '블랙러시안\n10,000\n칵테일', '예거밤\n8,000\n칵테일', '돌담 무제한 칵테일 (남)\n25,000', '돌담 무제한 칵테일 (여)\n20,000']"
김명자당진동태아구찜탕,서울 동작구 사당로 229-1 (우)07004,매일 00:00 ~ 22:30,02-536-1233,#제로페이,['#제로페이'],[]
오뎅판다 이수역점,서울 동작구 동작대로27가길 32 (우)07008,"월~금 17:00 ~ 02:00
닫기",02-595-5089,#오뎅바 #제로페이,"['#오뎅바', '#제로페이']","['꼬불이\n1,500', '맛살말이\n1,500', '해물떡볶이\n19,800', '메로구이\n18,800', '해물숙주볶음\n19,800']"
븟다,서울 동작구 사당로30길 25 메종슈에뜨이수 1층 102호 (우)07013,"월~목 17:00 ~ 00:00
닫기",070-4157-0110,,[],"['막걸리\n6,000']"
온미정,서울 동작구 사당로29가길 46 1층 (우)07008,"화~일 11:30 ~ 22:00
화~일 휴게시간 15:00 ~ 16:30
닫기",,02-6949-3481 대표번호,[],[]
돝플러스,서울 서초구 서초대로25길 55 1층 (우)06586,"월~금 17:00 ~ 23:00
닫기",,02-536-9233 대표번호,[],[]
윤공,서울 동작구 동작대로7길 49 1층 (우)07015,"월~금 16:00 ~ 24:00
닫기",,010-6367-5054 대표번호,[],"['육회\n22,000', '육회파스타\n19,000', '크림 수제비\n18,000', '된장 라구 파스타\n16,000', '닭구이\n15,000']"
올레요회센터,서울 동작구 사당로30길 150 (우)07025,매일 11:00 ~ 00:00,02-585-0303,#제로페이,['#제로페이'],"['광어\n35,000', '우럭\n35,000', '농어\n43,000', '도미\n53,000', '연어\n38,000', '돌문어\n35,000', '막회무침\n30,000', '대방어\n47,000', '멍게\n15,000', '전복\n20,000', '해삼\n20,000', '개불\n20,000', '가리비\n20,000', '참소라\n30,000', '광어세꼬시\n28,000', '물회\n32,000', '대구탕\n12,000', '동태탕\n12,000', '회덮밥\n12,000', '생우럭탕\n30,000']"
강원도감자옹심이,서울 동작구 사당로30길 63 (우)07014,"월~금 11:00 ~ 21:00
월~금 휴게시간 16:00 ~ 17:00
닫기",02-586-2877,#혼밥 #제로페이,"['#혼밥', '#제로페이']","['옹심이\n9,000', '옹심이 칼국수\n8,000', '함박스테이크\n10,000', '낙지덮밥\n9,000', '비빔막국수\n8,000', '메밀전병\n8,000']"
우리회포차 사당점,서울 동작구 사당로30길 148 (우)07025,"월~토 14:00 ~ 02:00
닫기",02-6014-9989,#친목모임 #회식장소 #제로페이,"['#친목모임', '#회식장소', '#제로페이']","['광어 (소)\n25,000', '우럭 (소)\n25,000', '낙자\n20,000', '전복\n25,000', '돌문어\n35,000']"
방배골숯불갈비,서울 서초구 동광로 7-4 1층 (우)06560,,,,[],"['돼지왕갈비(260g)\n15,000', '돼지갈비(250g)\n14,000', '생삼겹살(150g)\n14,000', '소갈비살(150g)\n16,000', '갈비탕\n8,000']"
흑산도홍어,서울 서초구 방배천로 40-2 (우)06691,,,,[],"['홍어코스요리\n50,000\n4인이상 주문', '국내산 홍어삼합(소)\n70,000', '홍어사시미\n90,000', '홍어애\n100,000', '수입산 홍어찜\n30,000', '수입산 홍어애탕\n30,000', '수입산 홍어무침\n30,000']"
상아김밥 이수점,서울 서초구 서초대로 13 방배마에스트로 1동 1층 103호 (우)06569,,,,[],[]
리요리요커피,서울 서초구 방배천로18길 11 아르떼상가 B동 104호 (우)06676,"월~토 12:00 ~ 21:00
닫기",,02-3472-7111 대표번호,[],"['추천\n초이스 크로플\n6,800\n기존 크로플과 달라 직접 시럽과 토핑을 골라 즐길 수 있는 재밌는 디저트 입니다.', '추천\n시그니처라떼no.1\n5,500\n매장에서 블렌딩한 우유를 냉침시켜 만든 고소하고 묵직한 라떼 입니다.', '블랙로즈\n6,500\n아포카토와 아인슈페너를 결합한 음료.(초코, 헤이즐넛, 오레오)', '블루로즈\n6,500\n아포카토와 아인슈페너를 결합한 음료. (피스타치오,아몬드,로투스)', '시그니처라떼 no.2\n5,500\n시그니처 라떼 no.1 보다 더 깊고, 진하며, 고소함과 단맛이 더욱 튀는 라떼입니다.', '아메리카노\n4,300']"
담소소사골순대육개장 이수역점,서울 서초구 서초대로 12 세양아르비채 101동 1층 (우)06675,"매일 10:00 ~ 23:00
닫기",,02-522-1821 대표번호,[],"['돈정식', '모듬순대', '사골전골', '수육', '순대국', '우사골 돈순대국', '우사골 우순대국', '우정식', '편육']"
매드포갈릭 사당점,서울 서초구 방배천로 11 파스텔시티 2층 (우)06693,"매일 11:30 ~ 22:00
닫기",,02-3472-8411 대표번호,[],"['Caesar Salad\n20,900', 'Garlicpeno Pasta\n24,900', 'Garlic Snowing Pizza\n26,900', 'Garlic Sizzling Rice\n27,800', 'Garlic Steak\n50,400', 'Garlic Hug Steak\n52,000']"
만랩커피 이수역점,서울 서초구 서초대로 13 1동 1층 105호 (우)06569,"월~금 08:00 ~ 19:00
닫기",,02-592-0700 대표번호,[],[]
장수촌풍천장어직판장,서울 관악구 남부순환로 2082-37 2층 (우)08806,매일 10:00 ~ 23:00,02-582-0230,#안심식당 #친목모임 #회식장소 #제로페이,"['#안심식당', '#친목모임', '#회식장소', '#제로페이']",[]
바른고기정육점 서래마을본점,"서울 서초구 동광로 80 정암빌딩 1,2층 (우)06585","매일 11:30 ~ 22:00
매일 휴게시간 15:00 ~ 17:30",,02-3482-5963 대표번호,[],"['1++ 한우 생불고기\n25,000\n부드러운 육질의 최상급 한우 생불고기 (2인이상 주문 가능)', '세가지맛 등심 (100g)\n36,000\n새우살,근막,알등심의 세 가지 부위별 풍미를 한번에 즐길 수 있는 대표메뉴', '전남 진도 대파 육개장\n9,000\n점심특선', '평양냉면\n12,000\n물/비빔', '명인 된장죽 (2인분)\n13,000', '명인 된장찌개와 누룽지\n8,000', '토시살 (120g)\n53,000', '살치살 (120g)\n54,000', '안심 (150g)\n57,000', '특등심 (150g)\n54,000', '차돌박이 (120g)\n29,000', '일품 갈비탕\n15,000', '차돌 된장찌개\n10,000', '차돌 깍두기 볶음밥 (2인분)\n19,000']"
강릉 교동짬뽕,서울 서초구 서초대로1길 23 1층 (우)06567,"매일 11:00 ~ 20:30
매일 휴게시간 15:00 ~ 17:00
닫기",02-536-9282,#혼밥,['#혼밥'],"['추천\n짬뽕\n7,000\n불향 가득한 강릉교동짬뽕 시그니처 메뉴', '짜장면\n6,000\n큼직한 돼지고기와 아삭한 양파의 환상적인 조화']"
성림돼지,서울 서초구 서초대로24길 42 (우)06672,"월~토 11:00 ~ 23:00
월~토 휴게시간 15:00 ~ 17:00
닫기",02-585-1758,#점심식사 #회식장소 #제로페이,"['#점심식사', '#회식장소', '#제로페이']","['간장불백정식\n8,000\n런치메뉴', '통삼겹살 (180g)\n12,000', '통목살 (180g)\n12,000', '돼지갈비 (300g)\n13,000', '생갈빗살 (200g)\n15,000']"
달비촌대구막창,서울 동작구 동작대로1길 52 (우)07025,매일 15:00 ~ 01:00,02-521-3733,#회식장소 #제로페이,"['#회식장소', '#제로페이']","['소막창 (200g)\n14,000', '소 통갈비살 (150g)\n13,000', '돼지생막창 (200g)\n11,000', '돼지 한방막창 (200g)\n12,000', '꼼장어 (180g)\n10,000', '숯불 닭발 (180g)\n10,000', '돼지 껍데기 (180g)\n8,000']"
신셰프양꼬치&훠궈 남현동1호점,서울 관악구 남현3길 71 (우)08806,매일 12:00 ~ 23:00,02-598-0077,#양꼬치무한리필 #친목모임 #회식장소 #제로페이,"['#양꼬치무한리필', '#친목모임', '#회식장소', '#제로페이']","['양념양꼬치\n13,000', '생양꼬치\n12,000', '훠거\n35,000', '마파두부\n13,000', '꿔바로우\n15,000']"
이누식당,서울 서초구 서초대로27길 33 1층 (우)06586,"화~토 11:30 ~ 22:00
화~토 휴게시간 14:00 ~ 18:00
닫기",,010-9337-8947 대표번호,[],"['늘솜\n19,000', '또바기\n23,000', '꼬리별\n55,000', '꽃구름\n15,000', '여름비\n15,000']"
한앤둘치킨호프 이수역직영점,서울 동작구 동작대로27가길 5 (우)07008,매일 14:00 ~ 03:00,02-3476-2277,#친목모임 #회식장소,"['#친목모임', '#회식장소']","['후라이드치킨\n18,000', '사천블랙치킨\n20,000', '양념치킨\n19,000', '간장치킨\n19,000', '순살파닭\n21,000']"
목포낙지홍어,서울 동작구 사당로30길 161 (우)07025,매일 11:00 ~ 22:00,02-523-2269,#안심식당 #친목모임 #회식장소 #제로페이,"['#안심식당', '#친목모임', '#회식장소', '#제로페이']",[]
스타벅스 사당로데오점,서울 서초구 방배천로 5-4 1~4층 (우)06693,"화~금 07:00 ~ 22:00
닫기",,1522-3232 대표번호,[],"['리저브 나이트로\n7,500\n나이트로 커피 정통의 캐스케이딩과 부드러운 콜드 크레마!\n부드러운 목 넘김과 완벽한 밸런스에 커피 본연의 단맛을 경험할 수 있습니다.', '제주 한라봉 말차 블렌디드\n7,500\n청정한 제주를 느낄 수 있도록\n제주산 말차, 한라봉을 사용한\n시원하고 달콤한 프로즌 티', '플럼 선셋 유스베리 티\n7,000\n익숙한 자두와 상큼한 유스베리 티의 조합으로\n일상적이지만 아름답고 특별한 선셋을 표현한 음료', '바닐라 빈 푸딩 블렌디드 위드 콜드 브루\n6,300\n바닐라 빈이 콕콕 박힌 부드러운 푸딩과 산뜻한 콜드 브루의 만남!\n진한 바닐라 풍미를 느낄 수 있는 커피 블렌디드', '퍼플 드링크 위드 망고 용과 스타벅스 리프레셔\n5,900\n망고 용과와 코코넛 밀크가 달콤하고 부드럽게 조화된 맛에\n가볍게 에너지 부스팅을 할 수 있는 음료', '라이트 키위 라임 블렌디드\n6,300\n여름의 나른함을 짜릿하게 날려버릴 블렌디드\n새콤한 키위 라임과 쫄깃한 곤약 젤리로 가볍게 리프레쉬 할 수 있는 음료\n*천연 대체 감미료가 함유되어 100kcal로(T 기준) 더욱 라이트하게 즐기실 수 있습니다.\n*취향에 따라 클래식 시럽을 무료로 추가 하실 수 있습니다.', '망고 용과 레모네이드 스타벅스 리프레셔\n5,900\n망고 용과와 레모네이드가 달콤 상큼하게 조화된 맛에\n가볍게 에너지 부스팅을 할 수 있는 음료', '얼 그레이 카카오 초코 프라푸치노\n6,500\n바리스타가 된 춘식이 초콜릿 토핑과 카카오 초콜릿 칩,\n그리고 티바나 얼그레이 티를 더해\n누구나 특별한 달콤함을 즐길 수 있는 프라푸치노 음료입니다.', '오늘의 커피\n4,200\n신선하게 브루드(Brewed)되어 원두의 다양함이 살아있는 커피', '카푸치노\n5,000\n풍부하고 진한 에스프레소에 따뜻한 우유와 벨벳 같은 우유 거품이 1:1 비율로 어우러져 마무리된 커피 음료', '카페 라떼\n5,000\n풍부하고 진한 에스프레소가 신선한 스팀 밀크를 만나 부드러워진 커피 위에 우유 거품을 살짝 얹은 대표적인 커피 라떼', '카페 모카\n5,500\n진한 초콜릿 모카 시럽과 풍부한 에스프레소를 스팀 밀크와 섞어 휘핑크림으로 마무리한 음료로 진한 에스프레소와 초콜릿 맛이 어우러진 커피', '카페 아메리카노\n4,500\n진한 에스프레소와 뜨거운 물을 섞어 스타벅스의 깔끔하고 강렬한 에스프레소를 가장 부드럽게 잘 느낄 수 있는 커피', '카라멜 마키아또\n5,900\n향긋한 바닐라 시럽과 따뜻한 스팀 밀크 위에 풍성한 우유 거품을 얹고 점을 찍듯이 에스프레소를 부은 후 벌집 모양으로 카라멜 드리즐을 올린 달콤한 커피 음료', '화이트 초콜릿 모카\n5,900\n달콤하고 부드러운 화이트 초콜릿 시럽과 에스프레소를 스팀 밀크와 섞어 휘핑크림으로 마무리한 음료로 달콤함과 강렬한 에스프레소가 부드럽게 어우러진 커피', '스타벅스 돌체 라떼\n5,900\n스타벅스의 다른 커피 음료보다 더욱 깊은 커피의 맛과 향에 깔끔한 무지방 우유와 부드러운 돌체 시럽이 들어간 음료로 달콤하고 진한 커피 라떼', '자바 칩 프라푸치노\n6,300\n커피, 모카 소스, 진한 초콜릿 칩이 입안 가득 느껴지는 스타벅스에서만 맛볼 수 있는 프라푸치노', '망고 바나나 블렌디드\n6,300\n(Grande Only) 달콤한 망고 패션 프루트 주스에\n바나나 1개가 통째로 들어간 신선한 블렌디드', '아이스 자몽 허니 블랙 티\n5,700\n새콤한 자몽과 달콤한 꿀이 깊고 그윽한 풍미의 스타벅스 티바나 블랙 티의 조화', '자몽 허니 블랙 티\n5,700\n새콤한 자몽과 달콤한 꿀이 깊고 그윽한 풍미의 스타벅스 티바나 블랙 티의 조화', '콜드 브루\n4,900\n스타벅스 바리스타의 정성으로 탄생한 콜드 브루!\n\n콜드 브루 전용 원두를 차가운 물로 추출하여 한정된 양만 제공됩니다.\n깊은 풍미의 새로운 커피 경험을 즐겨보세요.', '', '', '', '']"
백소정 이수역점,서울 동작구 동작대로27길 12 2층 (우)07008,,,,[],[]
레코드피맥,서울 동작구 동작대로27다길 26 1층 101호 (우)07008,매일 17:00 ~ 03:00,02-6734-4646,#가성비좋은 #분위기좋은 #세계맥주 #피맥 #제로페이,"['#가성비좋은', '#분위기좋은', '#세계맥주', '#피맥', '#제로페이']","['추천\n레코드 피자(시그니쳐 피자)\n23,900', '추천\n페퍼로니 피자\n24,900', '하와이언 피자\n26,900', '불고기 피자\n27,900', '소시지샐러드\n12,900', '치즈과일\n27,000']"
육쌈냉면 이수점,서울 동작구 동작대로27다길 2 (우)07008,"매일 11:00 ~ 22:00
닫기",,02-537-9943 대표번호,[],"['물냉면+숯불고기', '비빔냉면+숯불고기', '비빔밥+숯불고기']"
팬사이,서울 동작구 사당로30길 133 2층 (우)07015,매일 17:00 ~ 23:00,070-8777-5444,#안심식당 #데이트코스 #소개팅 #친목모임 #코스요리 #회식장소 #제로페이,"['#안심식당', '#데이트코스', '#소개팅', '#친목모임', '#코스요리', '#회식장소', '#제로페이']",[]
만다린,서울 서초구 방배로23길 13 2층 (우)06672,,,,[],[]
참소예 이수,서울 동작구 동작대로27다길 20 1층 (우)07008,"매일 11:30 ~ 23:50
닫기",02-593-5609,#안심식당 #이동약자접근 #점심식사 #회식장소,"['#안심식당', '#이동약자접근', '#점심식사', '#회식장소']",[]
원당감자탕 사당점,"서울 서초구 방배천로4길 9 2,3층 (우)06692",매일 10:00 ~ 22:00,,02-522-5255 대표번호,[],[]
시너리(SCENERY),서울 동작구 사당로25가길 1 1층 (우)07006,"매일 12:00 ~ 22:00
닫기",,070-8778-7538 대표번호,[],[]
이자카야나무 사당점,"서울 서초구 방배천로2길 25 2,3층 (우)06693",매일 15:30 ~ 05:00,02-587-6787,#룸술집 #소개팅 #친목모임 #회식장소,"['#룸술집', '#소개팅', '#친목모임', '#회식장소']",[]
마초셰프,서울 서초구 서초대로25길 8 1층 (우)06588,"화~일 10:30 ~ 21:00
닫기",,02-6465-4242 대표번호,[],[]
LA부대찌개,서울 서초구 효령로31길 90 (우)06682,"월~금 09:30 ~ 22:00
월~금 휴게시간 16:00 ~ 17:00
닫기",02-588-0017,#제로페이,['#제로페이'],"['부대찌개 (1인 밥포함)\n8,000', '삼겹살 (1인)\n12,000', '철판소세지\n12,000', '감자만두\n4,000']"
바다회센타,서울 동작구 동작대로27길 20-7 (우)07008,,,,[],"['모듬 회 풀코스(대)\n90,000', '우럭 회 풀코스(대)\n90,000', '광어 회 풀코스(소)\n80,000', '농어 회 풀코스(대)\n100,000', '도미 회일반(대)\n60,000']"
바다당,서울 서초구 방배천로4길 26 2층 (우)06693,"월~금 16:00 ~ 24:00
닫기",,,[],[]
야주포차,서울 동작구 동작대로7길 7 (우)07015,매일 16:00 ~ 02:00,,02-597-0867 대표번호,[],"['대왕조개전골\n45,000', '마약닭도리탕\n25,000', '별미고추튀김\n20,000', '생연어 사시미\n25,000', '순두부수제비탕\n20,000', '적된장삼겹살구이\n23,000']"
블랙모티브 사당역점,서울 동작구 동작대로7길 48 새한빌딩 1층 (우)07015,"화 10:30 ~ 23:30
닫기",,02-6085-0405 대표번호,[],"['아메리카노\n3,200', '카페라떼\n3,700', 'CACAO 크림라떼\n4,500', 'MATCHA 크림라떼\n4,500', 'MAROON 크림라떼\n4,500', '블루베리 양갱스무디\n5,500', '파인애플 양갱스무디\n5,500']"
경복궁함흥냉면,서울 동작구 동작대로27길 16-7 (우)07008,매일 11:00 ~ 20:30,02-533-4309,포장가능,[],"['물냉면', '물냉면+만두', '코다리냉면', '비빔냉면', '회냉면']"
우탄,서울 서초구 서초대로1길 8 1층 (우)06568,월~토 17:00 ~ 24:00,,0507-1338-5203 대표번호,[],"['눈꽃\n33,000\n눈꽃처럼 핀 마블링. 가장 부드러운 부위', '낙엽\n29,000\n낙엽모양의 풍미가득. 가장 담백한 부위', '늑간\n25,000\n갈빗대 사이에 위치한. 가장 쫄깃한 부위', '추천\n와규모둠\n57,000']"
푸슈,서울 서초구 서초대로19길 10-11 1층 (우)06573,"월,화,목,금,토 11:00 ~ 22:00
닫기",,02-6956-4063 대표번호,[],[]
네꼬,서울 동작구 사당로30길 133 (우)07015,"매일 17:30 ~ 02:00
닫기",,02-523-7306 대표번호,[],"['생연어회\n25,000', '석화\n15,000', '토마토홍합스튜\n17,000', '차돌짬뽕탕\n18,000', '스끼야끼\n18,000']"
양모리,서울 서초구 방배로 174 1층 (우)06586,"월~토 11:00 ~ 22:30
닫기",02-532-8125,#이동약자접근,['#이동약자접근'],[]
양평해장국,서울 서초구 방배중앙로 64 가이아빌딩 1층 (우)06673,월~토 06:00 ~ 21:00,02-588-8832,#제로페이,['#제로페이'],"['양평해장국\n9,000\n항상 신선한재료로 정성껏 모시겠습니다', '추천\n양내탕\n13,000']"
호림수산,"서울 서초구 방배천로 16 1,2층 (우)06693",매일 11:00 ~ 23:00,02-585-8531,#가성비좋은 #친목모임 #회식장소 #제로페이,"['#가성비좋은', '#친목모임', '#회식장소', '#제로페이']","['모듬회(소)\n49,000\n점심메뉴', '호림A코스(1인분)\n40,000', '호림참치(1인분)\n50,000', '광어회(2인분)\n70,000', '농어회(2인분)\n75,000']"
바닷가,서울 동작구 동작대로13길 8 1층 (우)07014,,,,[],"['생선구이\n25,000\n고등어,열기,청어', '회정식(1인)\n18,000', '특회정식\n25,000', '멍게\n15,000', '장어구이\n25,000', '모듬초밥\n12,000', '회코스\n35,000', '회한접시(소)\n35,000', '활어초밥\n15,000', '연어초밥\n11,000', '연어회\n30,000', '도다리세꼬시\n35,000', '전복\n30,000', '연어머리구이\n25,000', '연어머리조림\n28,000', '새우튀김\n20,000', '대구탕&지리\n8,000', '알탕\n8,000', '동태탕\n8,000', '회덮밥\n8,000']"
공차 이수점,서울 동작구 동작대로27길 14 1층 (우)07008,"매일 08:00 ~ 22:00
닫기",,02-532-6744 대표번호,[],"['블랙 밀크티(L)\n4,500', '얼그레이 밀크티(L)\n4,500', '우롱 밀크티(L)\n4,500', '자스민 그린 밀크티(L)\n4,500', '타로 밀크티(L)\n4,500', '초콜렛 밀크티(L)\n4,500', '피스타치오 밀크티(L)\n4,900', '블랙티(L)\n4,000', '얼그레이티(L)\n4,000', '우롱티(L)\n4,000', '제주 그린 스무디(L)\n5,700', '청포도 그린티 스무디(L)\n5,300', '망고 스무디(L)\n5,700', '자몽그린티(L)\n4,800', '망고 요구르트(L)\n5,000', '망고 주스(L)\n4,600', '아메리카노(L)\n3,700', '카페라떼(L)\n4,200', '공차슈페너(L)\n4,300', '모카 카페라떼(L)\n4,500']"
이슬도둑,서울 동작구 동작대로27가길 11 1층 (우)07008,"월~금 16:00 ~ 02:00
닫기",02-536-0302,#제로페이,['#제로페이'],"['국물닭볶음탕\n20,000', '치즈해물떡볶이\n16,000', '부대찌개\n16,000', '홍꼬탕\n17,000', '육포\n14,000']"
한솥도시락 이수역서문여고점,서울 서초구 동광로12가길 21 (우)06568,매일 08:00 ~ 21:00,,02-536-7747 대표번호,[],"['매화\n10,500', '진달래\n7,800', '개나리\n8,500', '새치고기고기\n7,000', '돈치고기고기\n6,000', '숯불직화구이\n6,600', '소불고기\n5,500', '동백\n6,000', '치킨제육\n4,900', '돈까스도련님\n4,800', '제육볶음\n4,500', '돈치스팸 도시락\n5,000', '제육 김치찌개 정식\n8,600', '치킨마요 김치 부대찌개 정식\n7,400', '빅치킨마요 김치찌개 정식\n7,500', '메가스팸마요\n5,800', '치킨마요\n3,700', '돈까스카레\n4,700', '김치볶음밥\n3,900', '소불고기 감초고추장 비빔밥\n5,400']"
어거스트치킨 본점,서울 서초구 방배로 140 인산빌딩 1층 (우)06664,매일 15:00 ~ 02:00,,02-3486-8292 대표번호,[],"['추천\n옛날 통닭(빠!!식!!)\n24,000\n겉은 빠삭!! 속은 촉촉한~ 겉바속촉 치킨의 끝판왕. 어거스트치킨의 시그니처.', '추천\n청양크리스피 치킨\n20,000\n한번 맛보면 계속 생각나는, 중독되는 강렬한 매운 맛의 바삭한 청양크리스피치킨.', '1.4K 혼자 먹지 마세요\n28,900\n다양한 맛을 푸짐한 양으로 즐기는 순살 치킨, 여러명이서 같이 드시기를 추천(3~4인분)', '순살크리스피 치킨\n20,000\n남녀노소 누구나 부담없이 즐기는 부드러운 안심살과 포테이토의 완벽한 콜라보.', '쉑쉑 (shake shake) 치킨\n20,000\n담백한 어니언 소스에 푹 빠진 부드러운 순살 치킨.', '순살 파닭\n20,000\n새콤달콤 파닭 소스와 신선한 파가 듬뿍 어우러진 순살 치킨.', '고추간장 순살 치킨\n20,000\n달달하고 짭쪼름한 간장 베이스에 청양고추의 은은한 매콤함까지!', '고추간장 후라이드 치킨\n21,000\n달달하고 짭쪼름한 간장 베이스에 청양고추의 은은한 매콤함까지! (뼈있는)', '순살 스윗 치킨\n20,000\n매콤달콤 양념 소스와 부드럽고 촉촉한 순살에 쫀득한 떡까지 더해진 순살 치킨.', '양념 치킨\n21,000\n매콤달콤 양념이 듬뿍~ 오리지날 양념 치킨. (뼈있는)', '불닭\n20,000\n불닭볶음면의 치킨 버전!! 눈물나게 매운 순살 치킨.', '오리지날 윙&봉\n20,000\n매콤한 시즈닝이 들어간 야들야들한 식감과 중독적인 맛의 윙과봉.', '골뱅이\n21,000\n최상급 을지로 골뱅이와 쫀득한 쫄면에 새콤달콤 특제 소스가 더해진 골뱅이.', '국물 떡볶이\n12,000\n입에 착착 감기는 매콤하고 달달한 국물 떡볶이.', '케이준 치킨 샐러드\n14,000\n바삭한 치킨 텐더와 아삭한 채소에 감칠맛 나는 머스타드 소스가 더해진 가벼운 맥주 안주.', '불똥집\n12,000\n부드럽고 쫄깃한 근위에 화끈한 불닭소스가 더해져 맛있게 매운 불똥집.', '전기 통닭\n19,000\n어거스트 치킨 만의 노하우로 기름기를 쪽 뺀 통닭과 특제 마늘 소스.', '후라이드\n20,000\n풍부한 육즙으로 부드러운 속살이 일품인 어거스트 후라이드 치킨.']"
파아람,서울 서초구 동광로12길 120 (우)06568,,02-3477-2588,#제로페이,['#제로페이'],"['산목련꽃차\n12,000', '발효목련꽃차\n12,000', '백목련꽃차\n9,000', '골담초꽃차\n7,000', '금어초꽃차\n7,000']"
아티제 사당파스텔시티점,서울 서초구 방배천로 11 SK리더스뷰 (우)06693,매일 08:30 ~ 22:00,,02-3472-2155 대표번호,[],"['로열자몽티\n6,700', '바닐라 라떼\n5,900', '카페라떼\n5,400', '카페 아메리카노\n4,900', '카푸치노\n5,400', '캐러멜 마끼아또\n6,300', '스패니쉬라떼\n5,900', '리얼스퀴즈 오렌지에이드\n6,700', '리얼스퀴즈 레몬에이드\n6,700', '리얼후르츠 토마토주스\n7,800', '그린티\n5,800', '얼그레이\n5,800', '루이보스\n5,800', '페퍼민트\n5,800', '애플밀크티\n6,200', '제주 말차 라떼\n6,200', '얼그레이 프라페\n7,000', '에스프레소 프라페\n6,000', '치즈 크루아상\n3,500', '아티제 클럽샌드위치\n5,200']"
산천칡냉면전문,서울 동작구 사당로12길 2 2층 (우)07009,"화~일 11:30 ~ 19:50
닫기",02-3472-2849,#안심식당 #제로페이,"['#안심식당', '#제로페이']",[]
봉빌렛,서울 동작구 사당로30길 25 메종슈에뜨이수 1층 101호 (우)07013,"월,화,수,목,일 19:00 ~ 02:00
닫기",,010-4917-3488 대표번호,[],"['갓파더\n18,000', '맨하탄\n19,000', '러스티네일\n18,000', '올드패션드\n18,000', '위스키샤워\n18,000']"
본죽 사당점,서울 동작구 동작대로 43 호진빌딩 1층 (우)07015,매일 10:00 ~ 22:00,,02-3474-4949 대표번호,[],"['단호박죽\n10,500', '낙지김치죽\n11,000', '삼계죽\n12,000', '전복죽\n13,000', '쇠고기야채죽\n11,500', '신짬뽕죽\n11,500', '새우죽\n9,500', '매생이굴죽\n11,500', '단팥죽\n10,500', '녹두죽\n9,000']"
신채정샤브수끼칼국수,서울 동작구 동작대로27길 16-7 2층 (우)07008,,,,[],[]
이고집쭈꾸미 사당직영점,서울 서초구 방배천로2길 39-14 (우)06693,"월~금 11:30 ~ 23:00
닫기",02-585-5879,#봄제철음식 #제로페이,"['#봄제철음식', '#제로페이']","['이고집쭈꾸미 (1인분)\n11,000', '삼겹쭈꾸미 (1인분)\n13,000', '차돌쭈꾸미 (1인분)\n15,000', '새우주구미 (1인분)\n13,000', '치즈퐁듀\n5,000']"
정정아식당 이수역점,서울 서초구 동작대로 108 방배디오슈페리움2차 1층 (우)06568,,,,[],"['2인세트\n39,000\n닭볶음탕 (소)+왕꼬막무침+파전+음료1', '닭볶음탕 (소)\n18,000', '코다리 구이\n15,000', '꼬막\n17,000', '왕꼬막 무침\n17,000']"
아트메이저,서울 서초구 서초대로 114 1층 (우)06664,"월~금 08:30 ~ 22:00
닫기",02-521-6239,#갤러리카페 #북카페 #핸드드립전문점,"['#갤러리카페', '#북카페', '#핸드드립전문점']","['코코넛라떼\n6,500', '말차커피라떼\n6,500', '아메리카노\n4,500', '카페라떼\n5,000', '바닐라라떼\n5,500']"
카페희다 사당점,서울 동작구 동작대로 49 1층 (우)07014,"월~금 08:30 ~ 22:30
닫기",070-4833-5001,#데이트코스 #레트로풍 #빈티지분위기 #앤틱한 #카카오페이,"['#데이트코스', '#레트로풍', '#빈티지분위기', '#앤틱한', '#카카오페이']","['고소한아메리카노\n3,300', '고소한라떼\n3,800', '추천\n바닐라빈라떼\n4,300', '카페모카\n4,800', '추천\n생딸기우유\n7,500', '생블루베리우유\n7,500', '생초코우유\n7,500', '커피우유\n6,000', '홍차우유(밀크티)\n6,000', '제주유기농말차우유\n6,000', '미숫가루우유\n6,000', '바닐라빈우유\n6,000', '흑임자우유\n6,000']"
육대장 이수역점,서울 동작구 동작대로31길 17 1층 (우)06997,매일 11:00 ~ 22:00,02-534-6484,#안심식당 #혼밥 #제로페이,"['#안심식당', '#혼밥', '#제로페이']",[]
교촌치킨 사당1호점,서울 동작구 사당로23길 2 1층 (우)07006,매일 12:00 ~ 24:00,,"02-3477-9945 대표번호
다른 번호",[],"['교촌오리지날\n19,000', '교촌콤보\n22,000', '교촌윙\n22,000', '교촌허니오리지날\n19,000', '교촌허니콤보\n23,000', '교촌레드오리지날\n20,000', '교촌레드콤보\n23,000', '교촌레드윙\n23,000', '교촌반반오리지날\n20,000', '교촌반반콤보\n23,000', '교촌반반윙\n23,000', '교촌살살후라이드\n20,000', '교촌순살(R)\n22,000', '교촌레드순살(R)\n23,000', '교촌반반순살\n23,000', '교촌레허반반순살\n23,000', '교촌리얼후라이드\n20,000', '교촌허니순살(R)\n23,000', '블랙시크릿오리지날\n20,000', '방콕점보윙(R)\n22,000']"
아웃백스테이크하우스 사당파스텔시티점,서울 서초구 방배천로 11 4층 401호 (우)06693,"매일 11:00 ~ 22:00
닫기",,02-884-4761 대표번호,[],"['홈파티 4인세트 2\n150,900\n갈릭립아이 스테이크+짐붐바 스테이크+베이비 백립+투움바 파스타+골드코스트코코넛슈림프+양송이수프4\n스테이크 사이드는 골드코스트코코넛슈림프로 제공됩니다.', '짐붐바 스테이크 3인세트\n85,900\n짐붐바 스테이크+카카두 김치 그릴러+투움바 파스타+오지치즈후라이즈(M)+양송이수프3\n스테이크 사이드는 오지치즈후라이즈(M)으로 제공됩니다.', '갈릭립아이 스테이크 2인세트\n70,900\n갈릭립아이 스테이크+투움바 파스타+오지치즈후라이즈(M)+양송이수프2\n스테이크 사이드는 오지치즈후라이즈(M)으로 제공됩니다.', '카카두 김치 그릴러 2인세트\n55,900\n카카두 김치 그릴러+투움바 파스타+양송이수프2', '투움바 파스타\n25,900\n최고급 파마산 치즈와 새우, 양송이를 함께 볶아 깊고 진한 크림소스 파스타', '오지치즈후라이즈(미듐)\n10,900\n두툼한 감자튀김에 체다체즈, 잭치즈를 듬뿍 녹여 베이컨을 뿌린 메뉴']"
조개랑통골뱅이,서울 동작구 동작대로25길 20 (우)07008,,,예약가능,[],"['홍어 삼합(대)\n50,000\n홍어, 수육, 묵은지', '생통골뱅이 탕/찜/사시미/무침 (2인)\n35,000', '생통골뱅이 탕/찜/사시미/무침 (4인)\n70,000', '골뱅이 삼합(대)\n75,000', '문어 삼합(대)\n75,000']"
이디야커피 사당점,서울 동작구 동작대로 45 (우)07014,"월~금 08:00 ~ 23:00
닫기",,02-587-9105 대표번호,[],"['콜드브루 니트로', '민트모카', '바닐라 라떼', '카라멜 마끼아또', '카페 라떼', '카페 아메리카노', '카페모카', '카푸치노', '화이트 초콜릿 모카', '콜드브루라떼', '콜드브루 화이트 비엔나', '이곡라떼', '디카페인 콜드브루 아메리카노', '애플루이보스티', '제주호지차라떼', '연유밀크티']"
프랭크버거 이수역점,서울 서초구 동작대로 138 소방빌딩 1층 (우)06567,매일 11:00 ~ 21:00,,02-595-0709 대표번호,[],"['쉬림프 버거\n4,700', '머쉬룸 버거\n8,300', 'JG버거\n9,300', '프랭크 버거\n4,300', '치즈버거\n5,300', '베이컨 치즈버거\n6,700', '더블 치즈버거\n7,700', 'JG치즈스틱\n2,500', '프렌치 프라이\n2,000', '치즈 프렌치 프라이\n3,500', '버팔로윙봉 순한맛(윙2+봉2)\n4,900', '버팔로윙봉 매운맛(윙2+봉2)\n5,300', '치즈스틱\n2,500', '스파이시 텐더\n2,500', '더 치즈볼\n2,500', '통가슴살 후라이드\n3,500', '바닐라 밀크 쉐이크\n3,800', '아메리카노\n2,000']"
명인등심 방배점,서울 서초구 서초대로 87 1층 (우)06573,"매일 11:00 ~ 22:00
매일 휴게시간 14:00 ~ 17:00
닫기",02-591-3888,#점심식사 #점심특선 #제로페이,"['#점심식사', '#점심특선', '#제로페이']","['두툼살치살\n38,000', '특등심\n32,000', '육회\n28,000', '주물럭\n28,000', '등심된장죽\n6,000']"
꼼 이수본점,"서울 동작구 동작대로27나길 21 두원상가 110,111호 (우)07008",,,,[],"['등갈비(250g)\n14,000\n2인이상', '꼼장어(200g)\n11,000', '갈비살(170g)\n16,000', '닭발(250g)\n12,000', '쭈꾸미(250g)\n11,000']"
타누키돈부리 이수역점,서울 동작구 동작대로27가길 14 (우)07008,"월,화,목,금,토,일 11:00 ~ 22:30
닫기",02-537-5347,#제로페이,['#제로페이'],"['가츠동\n7,000', '네기가츠동\n7,500', '김치가츠동\n8,000', '에비가츠동\n8,500', '연어뱃살덮밥\n12,500']"
강남동태찜,서울 서초구 방배천로2길 31 지상 2층 (우)06693,"매일 10:00 ~ 23:00
닫기",02-598-6060,#점심식사 #점심특선 #친목모임 #회식장소 #제로페이,"['#점심식사', '#점심특선', '#친목모임', '#회식장소', '#제로페이']","['8色해물찜(소)\n48,000', '아구찜(소)\n38,000', '코다리찜(소)\n38,000', '동태찜(소)\n32,000', '동태해물전골(소)\n39,000']"
브로스키친,서울 서초구 방배천로18길 32 1층 (우)06677,,,,[],[]
마실,서울 동작구 사당로 215 서림빌딩 1층 115~118호 (우)07004,"화~토 11:00 ~ 22:00
닫기",,02-596-5260 대표번호,[],[]
명동참치,서울 동작구 동작대로1길 18 2층 (우)07025,"매일 11:30 ~ 22:30
닫기",02-2055-0011,#점심식사 #점심특선 #친목모임 #코스요리 #회식장소 #제로페이,"['#점심식사', '#점심특선', '#친목모임', '#코스요리', '#회식장소', '#제로페이']","['명동특정식\n25,000\n점심메뉴', '명동정식\n20,000\n점심메뉴', '특초밥\n25,000\n점심메뉴', '초밥\n20,000\n점심메뉴', '특회덮밥\n20,000\n점심메뉴', '회덮밥\n10,000\n점심메뉴', '우동정식\n6,000\n점심식사', '알밥정식\n6,000\n점심식사', '오도로\n120,000', '명동스페셜\n80,000', '특 스페셜\n50,000', '스페셜\n35,000']"
대나무집,서울 동작구 동작대로27나길 34 (우)07008,,,,[],"['수육\n25,000', '무침\n25,000', '옻닭\n50,000', '갈비전골(1인)\n27,000', '무침(1인)\n24,000']"
담양죽순추어탕,서울 관악구 남부순환로 2082-37 (우)08806,매일 11:00 ~ 22:00 (포장은 10:00부터),02-597-0036,#건강식 #상견례 #코스요리 #혼밥 #회식장소 #제로페이,"['#건강식', '#상견례', '#코스요리', '#혼밥', '#회식장소', '#제로페이']","['죽순추어탕\n11,000', '죽순통추어탕\n13,000', '죽순추어매운탕 (중)\n29,000', '죽순추어숙회\n30,000', '죽순추어튀김\n16,000']"
